Test run no.: 3693,Unnamed: 3,Unnamed: 4,Unnamed: 5,Unnamed: 6,Unnamed: 7,Unnamed: 8,Unnamed: 9,Unnamed: 10,Unnamed: 11,Unnamed: 12,Unnamed: 13,Unnamed: 14,Unnamed: 15,Unnamed: 16,Unnamed: 17,Unnamed: 18,Unnamed: 19,Unnamed: 20,Unnamed: 21,Unnamed: 22,Unnamed: 23,Unnamed: 24,Unnamed: 25,Unnamed: 26,Unnamed: 27,Unnamed: 28,Unnamed: 29,Unnamed: 30,Unnamed: 31,Unnamed: 32,Unnamed: 33,Unnamed: 34,Unnamed: 35,Unnamed: 36,Unnamed: 37,Unnamed: 38,Unnamed: 39,Unnamed: 40,Unnamed: 41,Unnamed: 42,Unnamed: 43,Unnamed: 44,Unnamed: 45,Unnamed: 46,Unnamed: 47,Unnamed: 48,Unnamed: 49,Unnamed: 50,Unnamed: 51,Unnamed: 52,Unnamed: 53,Unnamed: 54,Unnamed: 55,Unnamed: 56,Unnamed: 57,Unnamed: 58,Unnamed: 59,Unnamed: 60,Unnamed: 61,Unnamed: 62,Unnamed: 63,Unnamed: 64,Unnamed: 65,Unnamed: 66,Unnamed: 67,Unnamed: 68,Unnamed: 69,Unnamed: 70,Unnamed: 71,Unnamed: 72,Unnamed: 73,Unnamed: 74,Unnamed: 75,Unnamed: 76,Unnamed: 77,Unnamed: 78,Unnamed: 79,Unnamed: 80,Unnamed: 81,Unnamed: 82,Unnamed: 83,Unnamed: 84,Unnamed: 85,Unnamed: 86,Unnamed: 87,Unnamed: 88,Unnamed: 89,Unnamed: 90,Unnamed: 91,Unnamed: 92,Unnamed: 93,Unnamed: 94,Unnamed: 95,Unnamed: 96,Unnamed: 97,Unnamed: 98,Unnamed: 99,Unnamed: 100,Unnamed: 101,Unnamed: 102,Unnamed: 103,Unnamed: 104,Unnamed: 105,Unnamed: 106,Unnamed: 107,Unnamed: 108,Unnamed: 109,Unnamed: 110,Unnamed: 111,Unnamed: 112,Unnamed: 113,Unnamed: 114,Unnamed: 115,Unnamed: 116,Unnamed: 117,Unnamed: 118,Unnamed: 119,Unnamed: 120,Unnamed: 121
29639,49871,78400,107559,138416,166799,194929,226889,250292,274123,294378,314289,332055,348707,359667,374545,387141,396134,404976,412566,420033,425657,432354,438500,443739,448910,452925,458522,461561,465865,468271,471929,475848,478282,480468,482256,481912,554558,553141,551684,554970,555465,556661,559123,560594,562781,566713,565022,567236,568597,570522,569560,570839,572681,572557,574290,575225,576078,576449,575638,577769,578237,579089,580698,581317,579557,581550,581495,582431,581757,583448,582293,582458,583654,583132,584026,582293,583861,584397,585909,584218,584177,583462,581825,579268,577535,576023,576738,574881,573644,572695,572296,572186,570687,570179,571306,568611,566700,568528,568267,565517,564224,567030,563179,564884,561914,565036,560512,562203,561447,561694,561722,561901,561048,561570,560498,560402,559494,558710,560264
15031,19096,25757,32918,41912,51101,61770,78793,91140,105562,116379,130335,143771,157529,171436,183124,198603,211708,225926,236528,249302,261128,271111,283625,291875,301253,313478,322801,329277,338958,347140,353121,361372,370434,375879,381916,388942,394718,399778,404440,409266,412594,420349,423663,425767,430209,435255,438872,441636,444454,446435,450601,453434,456596,459828,461354,463114,463884,466112,469825,470114,473840,476618,476384,478364,480110,481761,483314,486092,483218,486518,487467,489062,490149,490960,492156,491854,493036,494191,496089,496886,496831,496419,496515,497602,498303,496873,496570,492940,491070,489915,486986,486340,484662,483094,481169,477677,477195,477374,478392,477182,476673,475793,476563,478337,476274,479877,477360,478227,478529,478598,479588,479464,479780,480275,479065,477567,478392,477113,478914
14658,18528,25544,32117,41910,50780,62456,78601,91022,105198,116632,129707,143096,157944,169728,183985,196878,212615,225500,237229,249577,263067,271854,285797,294089,303508,313753,324767,332220,341076,347827,357494,364012,370214,378230,383978,390565,393673,401648,405430,409390,413941,419827,425410,429067,433619,438088,440714,443368,444427,449212,452829,454328,457367,460502,463733,463018,467308,466635,473098,471310,474569,477374,479505,480784,481183,484621,484717,487935,486793,486051,489777,488842,493133,493325,492844,495071,494150,495938,495498,496818,494961,496584,496405,499967,500475,500915,498564,497794,496776,493146,494714,491235,490052,484744,485762,485157,483534,482558,482146,482599,481747,480055,482324,481596,482311,481321,482751,481719,481761,480853,482888,481678,483204,481706,481417,480660,481059,481678,479822
8238,8089,7331,6823,6284,5883,5629,5572,5761,5701,5902,6062,6375,6612,6827,6884,7387,7415,7618,7762,7975,8195,8166,8546,8636,8569,8989,9046,8871,9316,9283,9444,9452,9806,9796,9749,10122,9937,10241,10183,10349,10364,10667,10608,10775,11102,11043,11309,11336,11181,11509,11841,11740,11755,12090,12084,12254,12300,12375,12568,12701,12578,12730,12658,13088,13174,12964,13122,13595,13574,13677,13803,13809,13854,13993,13813,14170,14299,14116,14644,14441,14838,14497,14585,14682,14810,14990,14864,14970,15150,15151,15313,15502,15472,15453,15328,15535,15696,15773,15614,15669,15746,16035,15989,16180,16119,16193,15849,16189,16526,16273,16355,16248,16448,16392,16366,16238,16611,16454,15973
8319,7482,6954,6137,5684,5686,5670,5661,5836,6239,6593,6695,6836,6997,7394,7560,7737,7841,8357,8476,8607,8800,8810,9041,9305,9154,9551,9736,9605,9787,10191,10083,10152,10144,10412,10509,10643,10444,10990,10827,11140,11369,11430,11665,11530,12018,12061,12124,12286,12279,12354,12308,12530,12676,12896,13112,12758,13164,13169,13487,13426,13551,13422,13587,14056,14032,13786,14387,14475,14407,14313,14394,14735,14731,14686,14488,14610,14849,15025,15514,14969,15072,15541,15302,15477,15654,15718,15772,15573,15699,15863,15799,15847,16367,15926,15841,16145,16117,16299,16105,15998,16201,16437,16448,16679,16851,16781,16393,16498,16631,17035,17093,16427,16807,16647,16670,15990,16705,16727,16246
8073,7297,6220,5800,5495,5565,5483,5572,5926,6282,6555,6683,6860,7153,7360,7451,7844,8015,8172,8196,8401,8590,8908,8886,8930,9072,9365,9435,9340,9513,9883,10320,9884,9950,10182,10071,10331,10404,10661,10808,10789,10938,10980,11099,11139,11374,11400,11373,11812,11751,11944,12153,12084,12373,12461,12502,12213,12712,12797,12879,12878,15125,12992,12764,13186,13143,13222,13462,13634,13561,13791,13971,13900,14194,14219,14338,14194,14398,14011,14678,14281,14586,14599,14789,14778,14780,14729,14713,14779,15315,15093,15132,15218,15092,15314,15045,15205,15187,15369,15326,15394,15298,15515,15728,16226,17648,18485,21745,23010,21175,20458,19508,17793,18058,17852,17641,18619,18052,18225,17602
8389,7816,7096,6350,5904,5850,5805,5910,6039,6358,6563,6924,6916,7120,7395,7806,7977,8069,8392,8420,8695,8898,9019,9248,9161,9261,9786,9535,9641,9805,9955,10033,10252,10235,10218,10377,10485,10734,11005,10925,10913,11133,11164,11261,11103,11623,11504,11795,11744,11810,12280,12107,12090,12432,12439,12658,12703,12900,12879,13039,13260,13294,13414,13455,13839,13686,13574,13804,14018,14323,14342,14362,14269,14527,14304,14377,14946,14719,14477,14968,14710,15017,14961,15081,15240,15251,15365,15134,15210,15214,15852,15793,15543,15579,15999,15520,15589,15630,15840,15755,15992,15664,15836,16213,16425,16048,16583,16267,16105,16555,15948,16155,16349,16252,15986,15584,15694,15687,15833,15835
8454,7624,6592,6075,5715,5654,5762,5871,6207,6421,6488,6947,7109,7350,7419,7957,8025,8214,8485,8597,8903,9159,9169,9457,9319,9556,9898,9903,10032,10068,10135,10294,10535,10517,10758,10784,11130,10922,11223,11263,11206,11569,11567,11713,11805,11995,12113,12159,12167,12244,12583,12571,12868,12850,12887,13041,13215,12990,13232,13395,13414,13581,13689,13696,13776,14154,13935,13938,14291,14397,14254,14558,14443,14622,14639,14326,14751,14697,14851,15099,14770,15104,15120,15444,14971,15247,15254,15286,15069,15543,15614,15720,15571,15597,15925,15599,15935,15678,15785,15939,15925,16265,16068,16095,16190,15894,16410,16012,16228,16431,16367,16387,16320,16177,16312,16134,15790,15533,15617,15595
8878,8025,7103,6553,6100,6002,6153,6391,6587,7005,6981,7354,7744,8053,7963,8262,8773,8941,8770,9193,9326,9631,9641,10001,9848,10151,10212,10341,10524,10602,10816,10949,11088,11225,11287,11292,11501,11641,11517,11857,11750,11922,12312,12272,12480,12545,12767,12787,12774,12969,13351,13281,13204,13343,13493,13947,13905,13823,14104,14135,14075,14276,14155,14208,14388,14442,14373,14629,15081,15017,14924,15390,15157,15201,15188,15246,15681,15483,15555,15606,15655,16029,16181,15958,15752,15956,16231,15818,16186,16185,16430,16407,16556,16154,16691,16216,16222,16754,16598,16824,16480,16568,16517,16955,16785,16802,17191,16726,17027,17103,16913,16975,17126,16923,16699,16461,15943,16285,16395,16055
8007,7194,6600,6102,5732,5725,5629,5898,6291,6737,6946,7246,7515,7767,8046,8306,8501,8828,9111,9123,9477,9625,9724,9889,9932,10251,10533,10628,10922,10876,11139,11291,11268,11543,11565,11467,11892,11754,12070,12021,12269,12292,12566,12826,12881,12998,13132,13258,13357,13415,13546,13872,13717,13957,14168,14328,14132,14164,14300,14347,14547,14709,14641,14822,14927,14704,14984,15109,15261,15107,15551,15588,15580,15653,15663,15538,15809,15822,15872,15861,16237,16497,16232,16166,16311,16465,16344,16516,16559,16461,16637,16453,16713,16874,16773,16868,17161,17323,17346,17150,17010,17471,17244,16546,17292,17275,17640,17151,17187,17168,17431,17407,17273,17398,17672,16964,16937,17010,17180,16768
7358,6834,6179,5728,5388,5248,5336,5454,5731,6161,6405,6723,6840,7315,7442,7693,7937,8263,8321,8502,8860,8944,9197,9398,9293,9400,9733,10001,9840,10033,10127,10129,10385,10504,10656,10778,10699,10754,11021,11091,11127,11327,11560,11402,11719,11828,11903,11957,12028,12268,12218,12662,12357,12559,12779,12888,12800,13012,12799,13225,13230,13120,13482,13476,13871,13665,13645,13699,14037,13766,14000,14239,14423,14133,14481,14377,14350,14548,14426,14874,14746,14814,14971,14815,14885,15263,14912,15329,15304,15132,15004,14914,15311,15551,15155,15493,15655,15560,15971,15536,15504,15824,15624,15694,15869,15914,15940,15948,15965,15876,16133,15854,15475,15721,15564,15452,15431,15572,15709,15725
7894,7197,6403,6019,5551,5614,5618,5888,5911,6086,6384,6737,6907,7130,7339,7609,7667,8013,8129,8260,8405,8648,8722,8935,9001,9173,9386,9451,9533,9624,9841,9814,10012,10250,10354,10586,10465,10562,10652,10781,11110,11122,11050,11401,11436,11681,11671,11836,11876,11878,12031,12396,12236,12545,12657,12789,12675,12763,12828,13066,13150,13227,13219,13271,13799,13222,13573,13822,13828,13785,14011,13965,13893,14114,14518,13953,14284,14334,14621,14900,14530,14832,14817,14604,14615,14973,14755,15167,15100,14979,15149,15195,14959,15173,15348,15176,15632,15571,15722,15707,15543,15549,15680,15625,15954,15796,15958,15516,15602,15686,15759,15712,15507,15443,15089,15320,15423,15184,15269,15474
7492,6528,5680,5412,5344,5252,5300,5579,5978,6387,6631,7058,7134,7435,7718,8004,8362,8452,8779,9075,9478,9667,10040,10308,10307,10771,11056,11159,11341,11784,11988,12110,12381,12890,12736,12945,13263,13395,13465,13783,14287,14278,14472,14683,15047,15248,15356,15730,15924,15997,16143,16468,16523,16721,17019,17230,17106,17348,17553,17783,17963,18281,18410,18475,18570,18464,18904,18899,19255,19370,19316,19309,19465,19691,19759,19636,19979,19992,20609,20467,20519,20596,20763,20711,20661,21271,20750,21132,21221,21046,21046,21282,21427,21667,21466,21493,21902,22014,21707,22063,22056,22273,22296,21837,22395,21659,21499,21238,21685,21294,21496,21957,21475,22080,22026,21915,22184,22499,22632,22702
7407,6676,5961,5347,5199,5135,5323,5252,5745,5946,6056,6626,6994,7226,7368,7663,7988,8110,8625,8932,8973,9353,9454,9756,10169,10401,10538,10534,10944,11166,11349,11673,11759,12071,12343,12597,12711,13201,13190,13557,13745,13962,14098,14172,14481,14808,15062,15139,15368,15536,15688,15709,16047,16297,16528,16684,16789,16961,17429,17408,17452,17504,17978,18230,18563,18148,18561,18433,18728,19005,18985,19139,19374,19137,19350,19392,19789,19948,20057,20219,20201,20682,20449,20640,20411,20499,20815,20811,20727,20890,21137,21160,21316,21178,21331,21449,21557,21497,21540,21462,21731,22084,21546,21924,22065,21984,22006,21611,21399,21685,21571,21755,21581,21976,21992,22068,22262,22500,22192,22089
7803,6656,5842,5581,5388,5330,5518,5978,6370,6757,6780,7108,7564,7591,7916,8276,8698,9051,9433,9683,9847,10201,10437,10840,10986,11231,11569,11789,11910,12316,12535,12918,12990,13259,13429,13523,14016,14294,14362,14916,14946,15143,15419,15709,15747,16152,16491,16631,16584,16888,17151,17633,17646,17835,18084,18324,18370,18395,18712,18995,18997,19203,19424,19359,19711,19801,20047,20187,20437,20218,20626,20841,20686,20934,21145,21104,21002,21347,21564,22049,21744,21812,21817,21744,21859,22278,22023,22585,22481,22534,22686,22691,22528,22491,22876,22882,23124,23179,23331,23063,23263,23221,22880,22809,23179,22716,23184,22940,22850,23295,23166,23316,23276,23562,23525,23343,23311,23296,23512,23494
8675,7495,6880,6312,6115,6014,6308,6796,7361,7451,7545,7865,8053,8268,8536,8506,8851,9031,9272,9509,9523,9804,9785,10112,9990,10179,10517,10652,10616,10812,10912,11026,11088,11332,11478,11342,11678,11940,11958,12116,12162,12020,12451,12545,12429,12762,12897,13039,13214,12905,13116,13426,13249,13408,13665,13769,13851,14064,13970,14087,14338,14313,14262,14074,14578,14669,14823,15106,15125,15086,15189,15087,15130,15160,15529,15274,15525,15483,15761,15957,15647,15861,15796,15697,15883,15961,15969,16395,15975,16045,15970,15795,15770,15765,15785,15531,15732,15390,15688,15607,15621,15664,15719,15576,15971,15708,15730,15613,15681,15791,16135,15734,15860,16147,15970,16026,15963,16075,15952,15849
7573,6827,6016,5494,5336,5536,5553,6015,6337,6551,6859,6933,7166,7392,7621,7788,8107,8017,8251,8518,8842,9022,9080,9148,9156,9370,9425,9607,9817,9718,10017,9953,10043,10211,10495,10415,10695,10724,10858,10973,11071,11123,11634,11480,11521,11722,11994,11987,12172,12008,12159,12550,12463,12625,12677,12899,12790,13163,13055,13136,13386,13223,13307,13415,13874,13677,13652,13789,14148,14002,14136,14175,14277,13968,14212,14089,14457,14362,14483,14772,14914,14901,14766,14492,14795,14903,14761,15055,15021,14732,14862,14817,15072,15437,15033,14954,15256,15010,15103,14656,14674,14783,14946,14590,14886,14665,14996,14638,14759,14800,15048,14997,14945,15264,14989,15209,14967,14834,15173,15030
7901,6945,6352,5657,5664,5620,5701,6144,6482,6737,7100,7261,7441,7649,8028,8165,8360,8481,8782,8561,9097,9295,9218,9562,9637,9820,9992,9960,9973,10219,10402,10599,10508,10791,10907,10998,11150,11297,11280,11501,11392,11747,11837,12026,12149,12446,12289,12581,12621,12790,12691,13240,12960,13152,13486,13529,13681,13791,13754,13811,13868,14003,14295,14319,14532,14416,14555,14835,15078,14718,15028,14959,15068,14891,15414,15115,15372,15150,15455,15698,15520,15871,15855,15529,15647,15933,15730,16165,16076,15792,15747,15470,15561,15775,15655,15654,15961,15882,15885,15702,15615,15684,15474,15551,15833,15726,15973,15551,15879,15434,16141,16191,16013,16298,16293,15970,16106,15923,16014,16039
7017,6291,5694,5352,5143,5455,5557,5803,6319,6523,6632,7071,7140,7298,7535,7712,7730,8163,8324,8505,8706,9181,9076,9375,9515,9675,9815,10163,10025,10304,10303,10622,10818,10979,10976,11057,11445,11402,11541,11750,11733,11918,12261,12192,12413,12527,12881,12915,12907,13013,13320,13540,13349,13548,13919,13972,13976,14255,14146,14400,14141,14211,14508,14897,15023,14620,14924,15265,15499,15213,15237,15271,15672,15565,15741,15867,15835,15906,16095,16106,16059,16259,16203,16128,16276,16637,16639,16686,16493,16851,16655,16560,16864,17045,16841,17156,17350,17240,17554,17291,17387,17592,17455,17599,17651,17491,18062,17898,17980,17679,18096,18048,18060,18138,18289,18199,18078,18089,18204,18188
7404,6636,5853,5681,5682,5675,5751,6156,6686,6839,7111,7513,7506,7733,7915,8015,8521,8531,8717,8928,9457,9481,9433,9949,9920,10070,10234,10473,10606,10559,11020,11105,11304,11560,11509,11909,11763,11916,12198,12249,12521,12536,12598,12673,12809,13161,13432,13168,13574,13540,13788,14173,13890,14079,14194,14563,14614,14701,14864,14963,14731,14987,15041,15212,15544,15579,15529,15768,16065,15860,15805,15771,16089,16082,16362,16460,16427,16350,16747,16840,16879,16732,16712,16817,16892,17424,17231,17079,17355,17267,17267,17513,17478,17641,17419,17786,18009,18177,18210,18110,17713,18208,18227,18053,18681,18494,18725,18144,18686,18146,18622,18772,18430,18896,18661,18706,18600,18900,18602,18736
7445,6630,6002,5636,5701,5622,5871,6063,6425,6640,7079,7203,7476,7725,7761,8000,8239,8262,8475,8849,9033,9413,9389,9684,9653,10175,10301,10502,10452,10587,10894,11051,11138,11485,11755,11810,11883,11831,12276,12143,12573,12888,12648,12911,13034,13346,13621,13662,13571,13443,13719,14279,14156,14268,14397,14967,14436,14897,15048,15029,15263,15423,15403,15515,15881,15766,16267,16080,16322,16239,16431,16355,16616,16464,16846,16863,16792,16684,17138,17167,17540,17124,17174,17032,17422,17859,17421,17699,17760,17750,17573,17481,17816,17961,17550,17965,18597,18541,18426,18343,18369,18674,18638,18427,18976,18644,19168,18889,18847,18843,19421,19324,18961,19442,19462,19142,19253,19355,19525,19336
7446,6816,6168,5637,5321,5259,5322,5606,5994,6206,6629,6825,7073,7383,7589,7830,8093,8280,8588,8633,8699,9063,8953,9315,9299,9562,9702,9680,9884,9950,10423,10371,10443,10654,10554,10884,10845,10844,11092,11129,11457,11493,11628,11667,11794,12025,12108,12227,12438,12412,12531,12904,12706,12948,13176,13306,13409,13480,13697,13816,13830,13793,13850,14211,14291,14025,14331,14339,14971,14481,14805,14648,14881,15033,15115,15333,15302,15167,15192,15472,15383,15414,15538,15524,15559,15822,15779,16010,15580,15857,15780,15699,15918,16236,15821,16183,16296,16397,16110,15806,15714,15825,15517,15525,15796,15699,16020,15706,15788,15500,15835,16121,15814,16337,16113,16147,15861,16037,16659,16213
7530,6643,6097,5582,5422,5444,5594,5862,6369,6641,6990,7411,7582,7774,8155,8261,8324,8581,8691,8740,9147,9358,9172,9669,9487,9643,10135,10119,9987,10257,10463,10587,10411,10825,10791,11081,11172,10806,11188,11435,11419,11574,11929,11851,12168,12269,12373,12528,12875,12831,12618,13082,12907,13272,13424,13542,13293,13555,13565,13633,13900,14166,13855,13969,14514,14201,14419,14596,14847,14743,14791,14773,14848,14938,15054,15329,15067,15270,15262,15822,15568,15601,15770,15413,15810,16138,15708,15888,15934,15807,15787,15706,16157,16580,16228,16178,16349,16339,16345,16349,15809,16553,16255,16363,16402,16597,17075,16607,17058,16687,16861,17225,16855,17359,17317,17224,16923,16794,17367,16815
7836,6900,6325,5896,5666,5765,5665,5969,6395,6653,7050,7399,7682,7855,8042,8354,8463,8704,8911,9159,9203,9419,9543,9714,9784,10039,10085,10186,10371,10525,10636,10589,10792,11037,11050,11140,11252,11360,11698,11602,11519,11903,11908,12223,12174,12451,12460,12667,12912,12792,12799,13184,12969,13245,13550,13699,13355,13505,13741,13908,13903,14081,14041,14239,14338,14314,14541,14865,15071,14749,14764,14989,14742,14954,15337,15040,15186,15049,15548,15783,15684,15524,15866,15601,15782,15781,15470,15735,15997,16047,15649,15858,15944,16377,16042,16093,16378,16006,16099,15963,15740,15832,15569,15739,15930,15559,16244,15742,15993,15576,15920,16223,16099,15874,16344,16458,16204,16249,16602,16217
6467,6518,6911,7308,7564,7950,8196,8492,8779,8986,9287,9481,9616,9825,10050,10353,10288,10522,10604,10997,10866,11063,11189,11231,11560,11494,11555,11976,11867,12197,12184,12393,12440,12675,12802,12796,12926,13243,13064,13665,13206,13446,13612,13817,13652,13931,13980,13911,14136,14077,14208,14422,14338,14571,14652,14594,14691,14808,14912,14597,14895,15177,15295,15195,15036,15085,15386,15428,15587,15572,15876,15611,15667,15830,15815,16198,16258,16481,16070,16409,16065,16604,16343,16480,16651,17089,16923,16838,16768,16965,16983,17082,17808,17342,17430,17720,17774,17910,17730,18170,18414,18477,17844,18501,18234,18757,18692,19012,19380,18610,18556,18874,19295,20137,19853,19447,20207,19620,20182,20645
8134,6984,6129,6045,5966,6159,6291,6821,7118,7235,7444,7614,8111,8187,8553,8842,9100,9097,9491,9648,9826,10346,10227,10568,10664,10956,11241,11452,11462,11633,11922,11955,12113,12359,12635,12668,12712,13004,13168,13462,13528,13589,13528,13900,13724,13943,14408,14395,14741,14816,14740,15021,14909,15272,15404,15479,15506,15533,15733,15865,15820,15974,16146,16201,16490,16128,16612,16824,17088,16855,17387,17203,16970,17326,17354,17527,17542,17564,17781,17771,17567,18160,18145,17923,18139,18388,18163,18410,18299,18370,18140,18178,18355,18788,18553,18946,19208,19207,19339,19693,19074,19523,19033,19396,19919,19595,20001,19332,20143,19302,20227,19993,19735,20774,20331,20056,19925,20089,20512,20296
7885,6725,5981,5828,5925,6020,6185,6797,6817,7277,7330,7744,7836,8114,8379,8772,8937,9133,9358,9903,9941,10274,10211,10680,10825,11018,11303,11393,11497,11622,11918,12171,12123,12423,12598,12692,12868,12771,13069,13082,13079,13219,13493,13782,13798,14135,13988,14349,14359,14445,14297,14650,14610,14680,15021,15194,14963,15331,15268,15322,15469,15809,15749,16144,15906,16024,16022,16310,16437,16378,16602,16545,16574,16427,16748,16970,16655,16745,17071,17180,17255,17015,17372,16880,17119,17729,17499,17801,17910,17684,17666,17653,17972,18008,17716,18290,18378,18511,18465,18543,18121,18871,18114,18481,18799,18869,19127,18566,19589,18786,19268,19116,18985,19574,19258,19129,18924,19287,19687,19594
7920,6877,6165,5627,5616,5715,5698,6198,6544,6799,6829,7213,7396,7705,7772,8165,8170,8582,8523,8725,8787,9056,9181,9584,9310,9730,9585,9781,9708,9791,9879,10137,10103,10542,10510,10530,10793,10755,10986,11131,10960,11174,11221,11704,11730,11968,11983,11987,12361,12285,12359,12598,12402,12899,12850,12914,12638,13089,13081,13153,13010,13601,13574,13419,13593,13784,13708,13803,14179,13953,14128,14223,14174,14085,14567,14504,14270,14403,14815,14680,14688,14647,14903,14434,14876,15213,14959,15010,15009,15063,15239,15197,15153,15574,14887,15226,15323,15542,15336,14928,14476,15069,14753,14485,14952,14978,15267,14682,15143,15011,15173,14830,14780,15189,15295,15412,15016,15212,15869,15366
7998,6909,6119,5618,5434,5687,5734,6127,6444,6628,6835,6921,7227,7505,7594,7682,8072,8121,8524,8418,8772,9001,8908,9341,9253,9385,9643,9566,9753,9844,9928,10008,9957,10337,10560,10589,10745,10707,10902,10878,11090,11133,11345,11621,11608,11768,11843,12113,12409,12138,12227,12587,12462,12617,12896,13200,12769,13096,13173,13282,13359,13580,13394,13469,14230,13836,13955,13921,14399,14299,14394,14368,14424,14531,14654,14582,14560,14501,14739,15110,14612,15184,15086,14618,15051,15346,15238,15382,15464,15335,15196,15287,15433,15528,15320,15596,15885,15596,15734,15619,15183,15748,14989,15170,15818,15302,15678,15151,15559,15043,15583,15359,15371,15729,15560,15764,15321,15728,15767,15622
8059,6945,6322,5708,5650,5731,5645,6317,6411,6772,6884,7230,7547,7688,7772,8013,8211,8422,8522,8915,8856,9085,8943,9299,9356,9685,9690,9755,9928,9802,10052,10032,10180,10348,10636,10472,10632,10744,10852,10961,11132,11174,11437,11499,11689,11777,12279,12183,12411,12138,12352,12719,12343,12734,12998,12965,12872,13124,13079,13284,13292,13442,13481,13568,13684,13568,13955,13852,14293,14126,14058,14286,14327,14500,14520,14510,14699,14480,14714,15112,14901,14880,14898,14728,14879,15187,15126,15323,15077,15106,15021,15336,15513,15670,15203,15458,15798,15687,15725,15524,14882,15335,15320,15008,15609,15621,15841,15004,15742,15162,15708,15515,15374,15966,15867,15676,15355,15881,16210,15240
7988,6889,6450,6158,6615,7219,7938,8632,9178,9710,10565,11285,11900,12601,13172,14015,14898,15502,16000,16752,17077,17776,18406,19045,19297,20032,20618,20976,21663,21991,22337,22769,23395,23681,24235,24294,24648,25007,25465,25246,26043,26223,26656,27182,27062,27447,28090,27908,28665,28953,28858,29421,29073,29134,29965,30322,30017,30401,30050,30508,30534,31009,30993,31169,31795,31344,31882,32083,32178,32621,32344,32163,32575,32698,32809,32829,33265,32804,33428,33491,33640,33711,33810,33379,33313,34033,33838,34233,34305,34473,33928,34237,34473,34724,34250,34590,34908,34604,35176,35068,34272,35122,34553,34540,34850,35141,35331,34197,34976,34869,35360,35342,34812,35317,35164,35383,34974,35115,35290,34061
8406,7531,7224,7205,7732,8245,9212,10489,11241,11888,12363,13321,14234,14943,15959,16675,17518,18310,19233,19738,20708,21626,21848,22819,22818,23806,24577,25135,25497,26113,26943,27377,27605,27988,28472,29027,29680,30058,30472,30818,30844,31543,31745,31981,32496,32773,33503,33705,33739,34007,34653,35098,35194,35474,35394,36224,35696,36616,36617,36773,37073,36984,37042,37142,37862,38209,38110,37932,38690,38638,38930,39231,39248,39548,39569,39542,39760,39711,39621,40135,40108,40314,40531,40387,40225,40864,40706,40839,40742,41055,40783,41052,41277,41333,41043,41423,41421,41778,41576,41722,41131,41837,41628,41958,42732,41724,42680,41668,42265,42071,42174,42179,42122,42316,42506,42204,42012,42184,42323,42057
8766,7950,7477,7566,7750,8306,9082,10661,11445,12425,12977,14023,14794,15674,16557,17612,18627,19126,19845,20753,21660,22361,23116,24147,24334,25024,25921,26386,26747,27470,28290,28737,29190,29684,30181,30682,31609,31618,32357,32410,33064,33416,33880,34219,34613,34988,35487,35987,36005,36665,36430,37017,37080,37216,37993,38835,38409,38119,38927,39096,38753,39393,39249,39673,40249,39987,40591,40674,41670,41307,41510,41581,41377,41790,42066,42126,42300,42359,42221,43672,42677,43282,43485,43290,42905,43569,43497,43453,43588,43712,43781,43793,44037,44092,44007,44257,44911,44574,44449,45060,44377,45184,44495,44688,45515,44839,45551,44347,44831,44941,45193,45128,44617,45081,45252,44555,44665,44788,44978,44395
8179,7647,6815,6380,5945,6060,5977,6391,6837,7133,7323,7651,8071,8084,8389,8595,8864,9092,9216,9615,9620,9919,9897,10101,10272,10440,10579,10574,10834,10861,11136,10999,11333,11376,11600,11377,11806,11869,11795,12119,12316,12440,12586,12416,12644,12724,13074,13107,13443,13369,13439,13590,13598,13861,14127,14391,14213,14497,14340,14715,14500,14892,14825,15046,15223,15078,15333,15359,15781,15225,15544,15499,15666,15658,15880,15996,15990,16274,16156,16215,16426,16424,16368,16537,16369,16667,16511,16821,16495,16766,16635,16583,16650,16736,16776,16894,16748,16962,16770,16858,16822,17101,16803,16789,16862,16823,16949,16293,16726,16609,16700,16424,16489,16505,16483,16453,16212,16376,16425,16667
7855,7060,6536,6058,5611,5657,5689,5995,6306,6701,6977,7147,7524,7589,7869,8111,8067,8443,8543,8610,9036,9279,9186,9325,9504,9527,9755,10142,9905,9947,10272,10310,10069,10534,10684,10610,10749,10907,10974,11289,11189,11401,11600,11863,12015,12120,12235,12365,12568,12357,12447,12909,12849,12867,13096,13339,13139,13132,13464,13473,13431,13594,13836,13864,14006,13899,14148,14413,14450,14338,14464,14525,14777,14697,14818,14829,14812,15137,14895,15152,15181,15414,15408,15074,15296,15549,15463,15888,15531,15782,15542,15468,15411,15829,15684,15767,15673,16006,16017,15896,15705,16029,15785,15865,16127,15990,16055,15462,15618,15412,15765,15521,15594,15810,15809,15597,15410,15186,15519,15554
7559,6706,6256,5750,5307,5286,5499,5499,5935,6291,6580,6736,6997,7411,7560,7684,7978,8110,8216,8498,8578,8709,8843,9029,9047,9383,9472,9538,9681,9673,10036,10011,9984,10107,10311,10226,10696,10453,10655,10976,10781,10871,11144,11108,11146,11612,11531,11810,11839,11842,11987,12427,12275,12386,12450,12732,12579,12897,12767,12905,13165,13231,13180,13398,13494,13391,13443,13519,13840,14013,14033,13815,14055,13938,14304,14347,14316,14298,14605,14865,14567,14733,14683,14653,14805,14936,14799,15002,14962,14879,14985,14884,14996,15160,15207,15073,15630,15220,15631,15512,15254,15445,15044,15194,15395,15271,15696,15261,15579,14943,15417,15383,14942,15310,15294,15035,14963,14877,15259,15042
7407,6757,6064,5399,5410,5902,5784,5855,6214,6658,6945,7136,7302,7649,7692,7914,8029,8172,8428,8580,8793,8939,8987,9169,9227,9314,9571,9628,9795,9856,9946,9836,10015,10224,10440,10385,10599,10422,10763,10853,10913,11078,11036,11533,11612,11391,11666,11856,11984,11771,12198,12400,12086,12016,12435,12409,12426,12469,12440,12810,12910,13015,12909,13369,13343,13185,13435,13433,13645,13586,13534,13626,13837,13927,14030,14052,14026,14193,14219,14146,14252,14226,14364,14355,14223,14423,14336,14531,14459,14489,14576,14615,14757,14770,14561,14879,14885,14819,14959,14884,14947,15073,14817,14618,14785,14454,14854,14525,14825,14460,14518,14678,14540,14611,14838,14956,14599,14599,14713,14706
7777,7238,6798,6153,5819,5677,5634,5796,5834,6348,6607,7070,7172,7531,7761,7828,8240,8348,8564,8621,8880,9290,9301,9428,9529,9840,9924,9918,10053,10156,10348,10159,10521,10795,10654,10610,10927,10858,11046,11142,11254,11314,11503,11713,11878,12077,12061,12103,12249,12427,12621,12605,12738,12604,12965,13134,12996,13286,13390,13252,13380,13408,13857,13897,14096,13844,13877,14185,14417,14217,14422,14265,14395,14507,14666,14505,14538,14897,14976,15191,15279,15366,15495,15015,15418,15396,15332,15551,15478,15501,15556,15370,15661,15568,15621,15780,16146,15789,15976,15910,15932,15855,15850,15906,16286,16077,16331,15948,16214,16027,16041,16093,15879,16106,16051,16000,15965,15808,15749,15692
7443,6875,5904,5328,5358,5459,5673,5978,6365,6472,6799,7128,7338,7585,7825,7838,8128,8227,8583,8735,8817,8816,9088,9133,9157,9233,9707,9711,9798,9697,10048,10200,10289,10307,10342,10631,10687,10654,10726,11115,11048,11053,11150,11510,11713,11723,11819,11802,12119,11785,12058,12396,12375,12320,12702,12663,12783,12538,12936,12855,13102,13071,13166,13257,13164,13221,13530,13629,13641,13458,13845,13704,14005,13913,13942,14006,13987,14154,14201,14287,14261,14135,14588,14163,14221,14610,14325,14517,14752,14561,14338,14630,14403,14460,14882,14699,14859,14673,14804,14642,14617,14726,14597,14469,14601,14369,14660,14560,14435,14533,14518,14450,14361,14650,14833,14725,14762,14654,14675,14785
7834,6896,6371,6200,6617,6910,7492,8487,9142,9733,10490,11034,11792,12284,13081,13646,14214,14978,15623,16196,16732,17316,17781,18553,18755,19263,19993,20216,20771,21464,22104,22255,22705,22985,23604,23959,24292,24314,25087,25381,25611,26135,26312,26790,26874,27577,27912,27949,28209,28549,28964,29238,29554,29533,30037,30344,30316,30498,30959,31066,31376,31200,31815,31595,32281,32149,32525,32596,32491,32887,32980,33370,33479,33477,33807,33515,34204,34321,34293,34135,34440,34579,34599,34802,34700,34792,34646,34950,35180,35264,35070,35225,35325,35433,35847,35426,35774,35976,35968,36335,36012,36107,35665,35853,36297,35941,36327,35935,35980,36277,36346,36528,36534,36303,36407,36354,36485,36166,36406,36054
7750,6875,6244,6317,6615,6981,7493,8502,8919,9634,10193,10938,11721,11953,12794,13378,13871,14605,14973,15668,16019,16640,17274,17766,18278,18948,19276,19986,20013,20698,21277,21739,21631,22463,22836,23160,23804,23898,24198,24739,25170,25515,25982,25959,26304,26787,26662,27307,27443,27818,27877,28309,28575,28503,29231,29416,29622,29912,29836,30207,30428,30408,30765,31012,31191,31070,31336,31854,31745,31917,32082,31851,32486,32424,32512,32579,32602,32915,32921,33019,33126,33387,33675,33169,33096,33153,33712,33709,33794,33779,33788,34119,34078,33999,34180,33949,34504,34332,34269,34921,34243,34329,34566,34619,34599,34610,34910,34597,34727,35111,34813,34579,34686,35418,35192,35136,35187,34941,34901,34817
7797,6899,6495,6242,6532,7022,7458,8269,9156,9715,10352,10876,11328,12127,12563,13449,13713,14405,14990,15454,16073,16770,17033,17510,18047,18443,19155,19445,19830,20086,21167,21489,21548,22099,22276,22644,23524,23308,24178,24469,24437,24993,25079,25447,25778,26012,26446,27086,27108,27170,27563,27965,27753,27954,28736,29021,29014,29051,29319,29739,29439,30017,30231,30265,30835,30380,30569,31120,31152,31495,31130,31844,31856,31851,31954,31969,32499,32172,32480,32555,32671,32387,32707,32797,33085,32758,33348,33157,33255,33328,33310,33459,33591,33741,33548,33423,34156,33915,34011,33938,34105,34270,33964,34246,34122,34176,34244,34151,34443,34458,34684,34416,34487,34366,34313,34406,34365,34664,34591,34928
7149,6345,5782,5318,5250,5356,5643,6444,6713,7417,7934,8537,8929,9483,10342,11022,11511,12243,12908,13612,13955,14417,15159,15528,15970,16185,16674,17008,17521,17802,18235,18535,18950,19118,19753,19745,20393,20568,20721,20737,21107,21118,21729,21923,22147,22228,22680,22868,23402,23100,23485,23804,23659,23892,24271,24309,24419,24560,24594,24970,24594,24861,25165,25183,25547,25743,25605,25997,25808,25702,26186,26518,26215,26437,26510,26413,26577,26968,26963,27096,27137,26970,27171,27088,27200,27747,27198,27670,27432,27542,27379,27551,27703,27709,27646,27746,28141,28194,28158,28019,28002,27882,27769,27680,27670,27437,27610,27490,27645,27439,27371,27475,27157,27288,27416,27482,27539,27499,27684,27445
7651,6916,6187,5918,5619,5642,5773,6311,6891,7251,7968,8472,9090,9410,10257,10603,11461,12161,12721,13424,13857,14473,15074,15833,16128,16612,16917,17586,17520,18197,18945,19028,19505,19996,20171,20663,20905,21055,21441,21576,21792,22447,22310,22917,23249,23642,23675,23507,24011,24068,24517,24650,25043,24913,25279,25521,25548,25518,25972,26098,26266,26363,26427,26497,26713,26898,27173,27147,27424,27139,27314,27464,27451,27744,27795,27924,27946,28189,28603,28406,28456,28691,28737,28498,28567,29082,28844,29099,28580,29121,28877,29101,29320,29186,29055,29489,29382,29535,29323,29606,29646,29302,29535,29678,29669,29459,29630,29486,29592,29589,29543,29243,29150,29205,28961,29109,29195,29094,29029,29069
7452,7088,6370,5750,5674,5963,6074,6244,6870,7557,8018,8633,9369,9904,10479,11056,11810,12302,12925,13543,13971,14813,15249,16097,16141,16910,17312,17733,18062,18644,19105,19566,20051,20556,20527,20982,21261,21697,21993,22482,22700,22952,23035,23638,23708,24121,24183,24256,24522,24667,25069,25020,25391,25662,25675,26268,26191,26407,26801,26892,26662,27032,27284,27022,27353,27795,28103,27989,28170,28219,28393,28603,28438,28548,28672,28876,28714,29268,29468,29501,29658,29406,29663,29744,29724,29649,30039,29880,30106,30346,30205,30179,29989,30243,30528,29877,30552,30556,31102,30879,30373,30890,30779,30706,30739,30891,31167,30964,30702,30550,30497,29918,30066,30162,30078,30016,30249,29821,29955,29650
7422,6839,5960,5456,4969,4938,4781,4864,5032,5170,5285,5259,5230,5234,5317,5356,5510,5386,5530,5419,5530,5502,5447,5697,5585,5540,5493,5620,5580,5952,5659,5849,5856,5916,6048,5963,6042,5998,6186,6259,6245,6232,6365,6396,6521,6646,6794,6787,6898,7077,7125,7127,7186,7282,7413,7350,7625,7634,7663,7910,7886,8052,8035,8012,8138,8201,8219,8211,8332,8332,8486,8570,8687,8649,8704,8632,8954,9019,8792,9021,9175,9088,9135,9077,9123,9342,9288,9329,9469,9586,9613,9367,9508,9608,9612,9511,9807,9736,9746,9913,9888,9886,9947,9963,9746,9984,9878,9888,9844,9885,9852,9841,9862,9853,10032,10058,9838,10072,10147,10074
7293,6473,5629,5099,4845,4828,4568,4669,4860,4923,5058,5019,5065,5185,5247,5151,5215,5166,5288,5179,5296,5439,5315,5406,5466,5531,5544,5400,5608,5432,5551,5581,5508,5906,5798,5947,5894,6125,5972,6068,6269,6280,6311,6258,6482,6543,6683,6702,6895,6921,6843,7125,7084,7322,7177,7436,7329,7523,7539,7499,7727,7617,7891,7924,7902,7952,8231,8013,8260,8127,8327,8200,8340,8712,8644,8481,8643,8631,8688,8853,8754,8942,9088,9249,8992,9232,9046,9119,9161,9273,9214,9228,9420,9459,9405,9503,9428,9598,9479,9723,9447,9796,9195,9225,9462,9450,9441,9357,9389,9286,9290,9371,9455,9585,9772,9879,9761,9591,9713,9712
4849,4634,5026,5030,5114,5188,5125,6562,6220,6186,5669,5568,5763,5913,6062,6020,6172,6214,6184,6357,6257,6139,6334,6289,6473,6387,6562,6396,6478,6513,6531,6620,6682,6825,6821,6940,7077,7120,7172,7301,7253,7406,7496,7594,7595,7652,7833,7878,8118,8088,8197,8310,8270,8450,8449,8664,8610,8707,8864,9018,8891,9076,9096,9062,9273,9271,9503,9506,9505,9580,9794,9860,9832,10106,9931,10011,10108,10107,10316,10390,10218,10517,10347,10495,10755,10780,10657,10643,10724,10647,10706,10578,10786,10862,10735,10738,11035,11043,11126,10865,11014,10955,10704,10790,10769,10793,10987,10500,10949,10962,11052,11191,10982,11486,11364,11048,11141,11267,11343,11406
4511,4758,4960,5169,5332,5199,5260,5336,5486,5511,5579,5651,5572,8703,6495,6191,5974,5740,5504,5678,6176,6171,6237,6336,6314,6436,6413,6366,6435,6381,6488,6495,6476,6655,6636,6678,6803,6798,6808,6860,7104,7063,6960,7087,7270,7236,7413,7557,7492,7652,7685,7837,7861,7902,7976,8121,8098,8126,8103,8333,8545,8423,8327,8645,8645,8639,9040,8689,8867,8959,9166,9171,9301,9356,9257,9357,9425,9464,9474,9641,9389,9704,9746,9766,9696,9868,9743,9750,9766,9715,9918,9888,10036,9913,9979,9887,9928,10080,9801,9610,9868,9721,9761,9752,9983,9925,9932,9842,9974,10034,10010,10148,10070,10185,10182,10169,10164,10162,10277,10260
7885,7102,6202,5585,5311,5339,5087,5129,5212,5335,5260,5406,5429,5447,5556,5568,5676,5598,5676,5717,5672,5657,5784,5899,5798,5884,5977,6056,5901,6160,6107,6081,6222,6204,6164,6392,6457,6305,6465,6551,6677,6670,6625,6781,6918,6934,7120,7080,7142,7252,7274,7394,7590,7753,7752,7703,7790,7755,8047,8089,8127,8173,8209,8336,8617,8483,8332,8683,8794,8746,8989,8720,8909,9006,9107,9139,9364,9169,9182,9515,9320,9304,9448,9640,9662,9481,9545,9662,9826,9725,9698,9621,9642,9855,9803,9848,9920,9966,10187,10082,10036,10041,10203,10039,10148,10277,10332,10018,9965,10194,9886,10303,9968,9918,10015,10068,10148,10099,9955,10005
7574,6417,5637,5179,5071,4939,5172,5164,5184,5332,5218,5250,5376,5364,5304,5350,5409,5673,5724,5587,5653,5548,5723,5802,5726,5868,5968,5833,5938,6022,5968,6064,6081,6078,6208,6429,6457,6544,6393,6570,6663,6724,6916,6880,6887,7203,7262,7454,7423,7451,7467,7735,7683,7795,7918,7924,7892,7990,8231,8183,8278,8247,8304,8394,8573,8334,8854,8719,8769,8848,8973,8976,8918,8982,9039,9255,9194,9410,9390,9528,9423,9481,9388,9461,9614,9744,9570,9798,9820,9604,9879,9721,9911,9728,9796,9722,9895,9865,9814,9794,9524,9738,9756,9686,9711,9487,9944,9948,10013,10166,10042,10161,10532,10374,10574,10343,10713,10467,10348,10505
8339,7388,6511,5786,5376,5357,5190,5056,5280,5344,5348,5449,5469,5408,5459,5523,5459,5542,5517,5724,5637,5687,5666,5786,5933,5869,5794,5906,5944,6044,6036,5881,6066,6218,6166,6362,6272,6301,6436,6539,6565,6468,6674,6782,6813,6794,6977,6964,6932,7157,7330,7344,7423,7434,7719,7580,7700,7725,7686,7950,7980,8197,8135,8238,8338,8346,8398,8629,8632,8519,8622,8774,8808,8920,8938,8930,9174,9040,9195,9304,9189,9236,9298,9468,9530,9566,9727,9557,9827,9875,10037,10088,10011,9847,9945,9972,9915,10176,10211,10153,10418,10211,10367,10370,10473,10546,10421,10486,10519,10549,10661,10696,10793,10718,10664,10725,10687,10886,10769,10822
7271,6579,5482,5047,4754,4794,4511,4532,4733,4755,4961,4790,4844,4879,5044,5004,5047,4994,5180,5073,5234,5268,5191,5321,5304,5346,5481,5359,5489,5491,5748,5723,5628,5743,5737,5665,5830,5891,5897,6122,5978,6129,6169,6316,6250,6298,6530,6460,6580,6742,6677,6896,6940,7195,7144,7266,7226,7442,7393,7374,7666,7577,7653,7584,7947,7822,7855,7884,8029,8037,8082,8169,8247,8330,8467,8445,8354,8498,8459,8607,8619,8541,8704,8966,8818,8850,8935,9045,8986,8887,9074,9139,9046,9087,9070,9124,9375,9396,9384,9390,9596,9331,9414,9609,9647,9427,9688,9664,9584,9711,9667,9736,9922,9778,9726,9740,9950,9909,10127,10258
8883,7957,7272,6566,6233,6243,5893,5863,6001,6117,6145,6261,6282,6303,6407,6284,6256,6363,6337,6524,6520,6514,6526,6435,6554,6560,6600,6634,6707,6627,6740,6744,6802,6672,6889,6845,7017,6874,7030,7191,7015,7211,7224,7511,7467,7523,7698,7753,7658,7698,7817,7986,7917,8078,8156,8291,8295,8409,8406,8589,8570,8743,8770,8855,8973,8903,9104,8995,9148,9310,9342,9335,9176,9390,9393,9589,9625,9711,9603,9541,9922,9860,9833,9897,9731,10023,10302,10213,10147,10298,10275,10491,10670,10346,10290,10528,10618,10620,10797,10629,10760,10691,10851,10770,10528,10689,10698,10635,11027,10733,10742,10696,10811,10903,10907,11025,10921,10853,11021,11046
8004,6976,6142,5455,5262,4945,4945,4778,4884,5042,5174,5098,5098,5231,5133,5174,5188,5276,5252,5308,5326,5464,5229,5551,5268,5358,5452,5545,5491,5455,5462,5683,5661,5499,5796,5641,5845,5743,5899,5920,6089,6028,6238,6164,6270,6373,6533,6567,6600,6567,6729,6853,6838,6997,6983,6984,7109,7199,7264,7329,7312,7392,7406,7527,7630,7618,7748,7790,7827,7974,7915,8003,7989,8138,8335,8189,8325,8319,8183,8455,8477,8420,8693,8528,8666,8796,8837,8695,8982,8910,8764,8745,8997,9027,8808,9172,9149,9143,9319,9366,9441,9235,9297,9343,9453,9341,9415,9562,9546,9549,9435,9456,9637,9528,9517,9346,9416,9339,9397,9240
7922,7092,6296,5922,5442,5140,4928,4949,5034,5143,5103,5081,5177,5193,5204,5204,5200,5356,5419,5328,5496,5282,5365,5290,5388,5416,5475,5581,5672,5568,5762,5745,5792,5750,5817,5761,6145,5893,6026,5952,6187,6256,6352,6346,6439,6380,6651,6621,6708,6673,6886,6897,7105,7270,7143,7251,7097,7423,7307,7487,7736,7637,7626,7766,7876,7974,8061,8000,8164,8001,8203,8321,8361,8494,8403,8629,8557,8578,8786,8906,8788,8899,8912,8795,8959,8941,9069,9182,8953,9291,9138,9369,9407,9377,9354,9417,9563,9618,9665,9586,9591,9661,9517,9891,9720,9722,9787,9901,9639,9749,9918,9709,9798,9937,9935,9918,9897,10001,9857,10215
8509,7546,6662,6104,5588,5460,5286,5214,5282,5449,5493,5468,5471,5417,5563,5451,5548,5402,5594,5640,5773,5827,5740,5773,5763,5773,5973,5973,5933,6007,6058,6107,6083,6236,5897,6222,6320,6486,6486,6453,6382,6594,6655,6563,6661,6745,7083,7078,7104,7074,7255,7419,7459,7589,7521,7737,7712,7786,7936,8030,8205,8183,8229,8373,8399,8345,8278,8414,8675,8685,8739,8745,8959,8890,9046,9160,9087,9171,9289,9389,9236,9542,9433,9678,9506,9574,9639,9695,9772,9819,9879,9772,9996,9998,10050,10121,10062,10034,10073,10247,10102,10097,10181,10073,10228,10286,10233,10410,10381,10422,10325,10434,10425,10464,10489,10525,10223,10208,10145,10003
7229,6501,5685,5109,4831,4820,4704,5056,5058,4942,5094,5056,5156,5111,5299,5164,5214,5348,5350,5496,5375,5507,5461,5694,5605,5736,5794,5839,5757,5897,5971,6270,6135,6293,6398,6258,6425,6408,6546,6605,6781,6885,6905,6922,7090,7204,7331,7374,7344,7478,7574,7631,7884,7952,7997,7894,8144,8141,8259,8319,8399,8565,8591,8736,8700,8851,8953,9025,9206,8921,9132,9193,9479,9413,9487,9568,9544,9803,9721,9868,9815,9867,9976,10087,9986,10198,10204,10320,10397,10459,10377,10318,10468,10548,10624,10880,10716,10925,10924,10943,10904,11038,10897,11182,11250,11126,11209,11279,11255,11475,11356,11501,11555,11637,11643,11813,11696,11614,11983,11867
7540,6865,5832,5360,5091,5076,4918,5135,5104,5133,5272,5422,5305,5323,5404,5319,5439,5470,5421,5542,5673,5621,5623,5689,5623,5834,5846,5798,5936,6115,5917,6060,6267,6212,6191,6288,6429,6505,6388,6518,6674,6787,6963,6930,6953,7083,7317,7342,7577,7381,7267,7598,7459,7624,7959,7924,8140,7989,8390,8249,8357,8294,8422,8461,8666,8769,9001,8729,8947,8826,9051,8941,9214,9276,9348,9456,9295,9305,9639,9639,9827,9872,9924,9940,9987,9829,10034,10254,10192,10196,10138,10260,10246,10486,10428,10609,10719,10674,10861,10969,10743,10655,10753,10795,11338,10991,11375,10987,11132,11330,11156,11281,11366,11519,11609,11659,11776,11476,11573,11807
7221,6249,5511,5154,4803,4647,4705,4720,4869,4999,5068,4995,4971,5114,5163,5050,5141,5170,5149,5151,5231,5306,5412,5464,5380,5385,5577,5467,5505,5529,5716,5693,5783,5953,5903,5923,5947,6145,6104,6239,6285,6397,6315,6380,6622,6627,6647,6832,6828,7091,7056,7313,7145,7412,7341,7441,7505,7678,7672,7708,7840,7920,7794,8079,8126,8188,8043,8276,8280,8308,8523,8458,8647,8590,8670,8825,8834,8812,8859,8915,9058,9126,9117,9122,9249,9314,9281,9566,9599,9488,9726,9654,9786,9975,9910,9916,10060,9975,10162,10227,9987,10065,10409,10387,10537,10437,10584,10391,10515,10754,10689,10743,10956,10840,11053,10990,11222,11064,11231,11273
7550,6618,6011,5340,5102,5083,4974,5262,5378,5542,5594,5508,5636,5716,5722,5768,6008,6044,5982,6044,5976,6258,6385,6479,6552,6672,6805,6882,6923,7196,7245,7255,7362,7272,7593,7665,7802,7833,7992,8219,8325,8421,8560,8725,8835,8756,8914,9145,9400,9436,9399,9565,9619,9889,10031,10029,10303,10156,10567,10286,10593,10495,10820,10908,10932,11191,11026,11071,11259,11192,11299,11578,11504,11540,11528,11752,11851,11899,11874,12130,11931,12183,12214,12221,12259,12491,12315,12536,12613,12551,12613,12419,12667,12641,12685,12913,13050,12732,13100,13113,12918,13078,13113,13219,13369,13300,13476,13427,13294,13499,13296,13430,13227,13528,13479,13337,13282,13399,13530,13454
7101,6050,5271,4892,4669,4751,4842,4952,5013,5124,5239,5267,5191,5295,5394,5553,5534,5759,5789,5806,6025,6210,6336,6330,6413,6520,6739,6773,6948,7136,7287,7265,7429,7692,7606,7955,7826,8015,8205,8332,8547,8482,8870,8884,8841,9075,9101,9193,9378,9725,9641,9792,9746,10060,10180,10248,10399,10305,10459,10273,10934,10815,10724,11001,11086,11084,11173,11321,11441,11499,11489,11748,11529,11667,11789,11855,11899,12071,12004,12141,12293,12343,12308,12357,12468,12404,12323,12540,12410,12346,12625,12364,12664,12679,12932,12825,12942,12897,12935,13090,12900,12977,12859,12977,13199,12834,13408,12926,13116,13238,12962,13376,13405,13261,12968,13310,13351,13077,13280,13067
7175,5980,5383,4937,4816,4857,4898,5096,5250,5213,5175,5280,5422,5502,5527,5538,5717,5857,5948,6129,6147,6274,6482,6456,6697,6769,6925,6961,6982,7097,7382,7477,7458,7763,7769,7919,8074,8293,8328,8448,8732,8808,8964,8806,9039,9411,9279,9452,9627,9792,10030,10012,10166,10078,10423,10539,10517,10703,10903,10982,10929,11122,11285,11027,11180,11412,11479,11532,11408,11639,12102,11746,11929,12086,11955,12135,12145,12094,12404,12205,12623,12634,12401,12642,12606,12547,12690,12996,12962,12653,12686,12701,12882,13145,12961,13002,13126,13265,13122,13403,13122,13430,13018,13273,13304,13165,13484,13419,13386,13351,13391,13557,13523,13696,13633,13556,13319,13276,13403,13187
8050,7033,6239,6002,5851,5856,6392,6617,6901,7275,7277,7718,7842,8091,8315,8516,8819,9028,9104,9501,9657,10076,9803,10115,10165,10405,10696,10722,10676,10803,11235,10990,11515,11460,11452,11721,11668,12074,12194,12236,12310,12384,12505,12659,12683,12741,12818,13040,12944,13353,13428,13460,13312,13458,13729,13695,14018,14017,13992,14323,14365,14335,14431,14320,14426,14529,14562,14646,14825,14870,14893,14691,15252,15132,15053,15364,15274,15225,15442,15474,15443,15743,15591,15326,15898,15511,15504,15846,16089,15888,15833,15684,15812,16031,16082,15788,16065,15933,16242,16317,15890,16283,16345,16017,16385,15699,15960,15945,15925,16114,15907,16143,16183,16233,16131,16206,16485,16246,16337,16393
8514,7199,6443,6405,6279,6181,6669,6932,7365,7586,7794,8057,8249,8598,8829,9116,9255,9364,9478,9738,9772,10001,10302,10471,10445,10494,10979,10954,10954,11082,11439,11300,11594,11747,11687,12025,12078,12156,12227,12537,12571,12704,12739,12783,12867,12997,13317,13261,13290,13499,13621,13731,13534,13800,13704,13908,14221,14072,14328,14179,14557,14381,14519,14521,14798,14552,14756,14903,14994,14934,15124,14988,15470,15084,15396,15404,15265,15361,15598,15741,15553,15857,16024,16136,16118,15836,15941,16042,16517,16136,16261,16123,16155,16149,16443,16181,16234,16341,16313,16770,16469,16468,16445,16403,16713,16313,16520,16312,16245,16114,16327,16312,16359,16537,16479,16501,16559,16670,16698,16807
7795,6934,6293,5799,5768,5865,6075,6489,6856,7103,7313,7618,7777,7977,8326,8540,8622,8862,9289,9089,9384,9591,9937,9675,9872,10007,10331,10322,10688,10640,10951,10735,10890,11083,11255,11488,11385,11769,11647,11605,11988,12089,12084,12016,12130,12398,12488,12530,12495,12875,12661,12982,13009,13030,13004,13357,13541,13443,13464,13456,13786,13480,13576,13831,14085,13884,14004,14089,13946,14025,14436,14307,14615,14575,14660,14833,14639,14762,14643,15063,15104,15167,15029,15099,14990,15015,15122,15554,15278,15296,15490,15011,15267,15251,15699,15269,15649,15559,15728,15748,15503,15576,15600,15588,15768,15403,15527,15378,15521,15266,15494,15802,15650,15632,15718,15804,15765,15573,15759,15960
8149,6899,6257,5832,5610,5669,5678,6280,6495,6712,6945,7161,7400,7721,7998,7864,8316,8544,8830,8960,8976,9267,9508,9497,9353,9708,9977,10030,10065,10178,10303,10299,10612,10983,10844,10885,11093,11200,11268,11164,11494,11484,11732,11741,11961,11987,12355,12276,12344,12484,12630,12629,12589,12695,12899,13043,13113,13171,13245,13304,13138,13561,13469,13721,13564,13814,13821,13860,14137,14154,14210,14232,14297,14368,14375,14555,14374,14516,14402,14607,14835,15054,14867,14985,14918,14949,14938,15086,15189,14785,15131,15152,14959,15052,15170,15074,15258,15370,15440,15538,15583,15515,15403,15573,15442,15603,15780,15166,14935,15127,14933,14922,14931,15070,14903,15090,15183,15052,15116,15340
8789,7806,6956,6416,6472,6027,6562,6800,7254,7327,7671,8001,8017,8275,8614,8755,8991,9305,9457,9570,9862,10006,9761,10297,10373,10516,10629,10792,10916,10990,11055,11215,11356,11377,11463,11528,11734,11840,12171,12223,12276,12260,12670,12464,12891,13021,12980,12985,13176,13109,13441,13713,13543,13732,13857,14029,13854,14105,13761,14248,13949,14431,14488,14456,14613,14538,14820,14729,14843,14959,14801,15091,14930,15241,15316,15309,15280,15525,15352,15341,15439,15553,15461,15710,15701,15933,15772,15893,15839,15975,15764,15897,15987,16020,15993,16032,16230,16487,16529,16005,16200,16354,16119,16357,16219,16306,16167,16539,16538,16346,16552,15955,15939,15937,15934,15894,15690,16158,16296,16138
8100,6999,6125,5616,5550,5550,5483,5928,6471,6554,6726,7140,7230,7650,7831,7974,8364,8397,8586,8777,8895,9002,9189,9391,9509,9630,9916,10040,10085,10311,10390,10589,10659,10528,10971,11074,11128,11111,11351,11424,11478,11611,11824,11689,12037,12079,12306,12285,12419,12474,12617,12922,12861,12824,13013,13331,13274,13273,13399,13393,13621,13552,13656,13836,13938,14027,14102,14105,14189,13971,14089,14697,14428,14525,14797,14643,14825,14734,14782,14984,15034,14951,15060,15146,15096,14950,15296,15243,15393,15288,15396,15197,15387,15343,15389,15417,15767,15709,15583,15915,15934,15747,15715,16068,16143,15981,16020,15977,15841,16138,15686,15992,15964,15746,15742,15693,15779,15943,15826,15746
7237,6163,5466,5157,5250,5307,5767,6090,6334,6637,6677,7042,7256,7399,7532,7813,8009,8116,7991,8264,8341,8575,8714,8797,8942,9030,9337,9153,9233,9480,9636,9778,9520,9825,10020,10061,10184,10239,10188,10459,10390,10754,10483,10720,11085,11084,11348,11407,11412,11428,11536,11433,11479,11638,11751,11962,12081,12098,12256,12306,12196,12373,12242,12420,12590,12606,12660,12902,12817,12904,12818,12944,13017,13075,13092,13310,13253,13299,13345,13397,13379,13569,13465,13573,13571,13710,13735,13620,13764,13835,13979,13894,13851,13877,13873,13799,14150,13942,13991,14249,13780,14106,13998,14217,13928,14065,14387,14072,14027,14155,14266,14273,14354,14667,14456,14563,14683,14378,14515,14723
7986,6890,6297,5827,5974,5873,6175,6766,6971,7271,7220,7470,7748,7950,8147,8334,8331,8767,8703,8971,9123,9269,9040,9381,9498,9770,9565,9782,9825,10018,10137,10514,10456,10365,10570,10703,10964,11045,10859,11195,10998,11241,11577,11515,11745,11803,11951,12049,12001,11895,12229,12255,12389,12410,12546,12726,12714,12920,12782,12966,12876,13118,13096,13146,13465,13502,13335,13574,13728,13655,13609,13845,13762,13856,13994,14229,13951,14098,14392,14286,14315,14002,14372,14199,14473,14450,14571,14298,14617,14413,14612,14497,14380,14501,14410,14742,14785,14586,14739,14401,14676,14447,14414,14561,14341,14454,14448,14418,14475,14483,14668,14641,14706,14786,14848,14743,14988,14864,14761,15069
7774,6571,5956,5793,5653,5902,6249,6558,6841,6858,7203,7209,7429,7807,7745,7915,8157,8451,8596,8519,8783,8846,9117,9234,9077,9400,9485,9479,9652,9795,9772,10051,10126,10169,10102,10389,10594,10633,10681,10566,10934,10766,11006,11260,11101,11366,11464,11675,11615,11721,11903,11927,11882,11999,12142,12193,12385,12454,12376,12453,12509,12697,12429,12874,12932,13054,12963,13222,13088,13254,13386,13194,13519,13388,13428,13418,13476,13589,13759,13842,13757,13805,13916,13982,13986,14066,13854,14155,14059,14015,14098,14174,14103,14053,13979,13847,14100,14033,13974,13862,13958,13659,13932,13732,13880,13997,14126,13860,14206,14301,14401,14323,14377,14294,14726,14683,14409,14630,14716,14761
7392,6408,6117,6010,5920,6401,6665,7031,7429,7553,7809,7961,8046,8364,8597,8758,8976,9196,9214,9348,9494,9507,9643,9959,10024,9932,10378,10354,10332,10409,10781,10839,10965,11041,11128,11317,11366,11645,11709,11793,11738,11964,12357,12224,12442,12410,12600,12696,12687,12743,13055,13234,13076,13006,13253,13518,13726,13600,13648,13710,13755,13812,13877,14273,13831,14104,14435,14453,14454,14492,14620,14702,14864,14752,14769,14696,14931,15167,15044,15006,15165,15265,15379,15333,15412,15533,15383,15479,15668,15522,15499,15621,15501,15684,15707,15769,15849,16029,16254,16081,16058,16224,16193,16173,15998,16141,16282,16427,16303,16623,16404,16434,16516,16846,16653,16663,16669,16793,16538,16679
7900,6915,6513,6384,6388,6649,7141,7554,7574,7964,8116,8511,8624,8730,8806,9029,9222,9461,9576,9851,9977,10254,10342,10535,10741,10879,11152,11173,11285,11407,11475,11799,11705,11988,12107,12127,12369,12641,12728,12712,13044,13155,12993,13193,13325,13545,13539,13865,13815,13861,13965,14276,14312,14430,14678,14749,14818,14718,14941,15073,15120,15029,14949,15458,15511,15400,15570,15630,16016,15801,16022,16112,16327,16268,16037,16177,16228,16200,16516,16599,16427,16551,16774,16637,16732,16663,16878,17303,17218,17020,17401,17037,16891,17155,17372,17576,17442,17521,17531,18001,17405,17640,17641,17658,17706,17930,18022,17750,17718,18092,17854,17937,17964,18098,18383,17938,18282,18112,17966,18048
7704,6811,6371,6253,6166,6540,7081,7494,7651,7921,8110,8338,8626,8864,8887,9225,9433,9675,10002,10062,10191,10134,10426,10620,10976,10993,11104,11327,11377,11342,11488,11770,11826,12083,12110,12514,12489,12657,12766,12752,13006,12808,13214,13532,13209,13609,13613,13941,13786,14024,14101,14320,14320,14615,14799,14625,14814,14714,14968,15085,15214,15050,15360,15443,15582,15554,15695,15980,15926,15853,16089,16023,16111,16110,16105,16263,16424,16347,16528,16696,16454,16738,16805,16725,16792,17087,16745,17092,17254,16857,17247,17000,17191,17238,17196,17188,17505,17516,17620,17822,17624,17621,17714,17726,17897,17551,17871,17968,18055,18078,17863,18132,18251,18187,18147,17983,18034,18024,18252,17706
7650,6772,5825,5346,5314,5476,5538,6080,6264,6451,6605,6893,6898,7154,7374,7668,7818,8040,8254,8311,8417,8611,8677,8863,8899,9082,9173,9198,9374,9321,9489,9645,9836,9782,9909,10102,10364,10283,10426,10453,10670,10558,10782,10891,11001,11176,11278,11261,11244,11384,11599,11874,11913,11967,11948,12253,12131,12196,12208,12391,12379,12326,12624,12678,12769,12950,12987,12814,13030,12917,13053,13176,13294,13184,13569,13339,13476,13634,13555,13708,13615,13817,13523,13878,13688,13878,13860,13791,14166,13890,14102,14099,13830,14083,13994,14129,14193,14005,14331,14260,14139,14433,14029,14106,14389,14398,14388,14247,14112,14312,14221,14287,14237,14654,14488,14377,14337,14738,14567,14575
7891,7508,6884,6135,5641,5283,5172,5259,5405,5822,6268,6328,6690,6795,7164,7233,7505,7672,7796,8083,8190,8477,8473,8616,8748,8608,8760,9047,8732,9039,9234,9406,9415,9530,9641,9760,9875,9886,10091,10263,10113,10331,10503,10449,10796,10793,10909,10735,11161,11304,11350,11195,11426,11727,11577,11723,12021,11844,11975,11898,12368,12537,12408,12465,12442,12536,12582,12631,12765,12862,12885,12914,13014,13140,13305,13070,13213,13687,13438,13395,13455,13717,13716,13931,13598,13997,13966,13928,13744,13774,14016,14283,14063,14175,14109,13956,14283,13963,14230,14286,14457,14515,14263,14465,14398,14339,14240,14705,14358,14744,14422,14509,14368,14650,14508,14390,14480,14613,14508,14739
8408,8348,7749,7195,6571,6088,5716,5890,5877,5994,6170,6474,6684,7009,7254,7342,7590,7792,7981,8197,8353,8453,8656,8761,8833,8941,9165,9202,9254,9621,9700,9888,9889,10028,10057,9993,10237,10207,10178,10375,10427,10572,10531,10721,11098,10969,11109,11140,11533,11459,11362,11758,11664,11900,12004,12037,12186,12197,12316,12217,12585,12704,12713,12897,12884,12870,12785,12860,13196,13120,13185,13349,13405,13288,13609,13684,13635,13871,13889,14025,13948,14170,14156,14196,14035,14487,14225,14220,14591,14720,14470,14523,14410,14897,14713,14705,14751,14883,14772,14737,14878,14864,14896,15105,15011,14909,15153,15037,15115,15133,15019,15347,15346,15346,15230,15016,15153,15161,15262,15030
8253,7843,7316,6697,6444,6297,6333,6614,6848,7000,7454,7862,8021,8490,8463,8779,9034,9299,9495,9817,10008,10261,10466,10698,10688,11028,11119,11248,11506,11653,12015,12022,12250,12269,12627,12697,12768,12907,13069,13265,13353,13492,13754,13810,14163,14103,14440,14378,14635,14830,14847,15119,15120,15466,15476,15516,15867,15797,15932,16151,16201,16095,16209,16645,16675,16729,16895,16879,17033,17137,17216,17350,17346,17331,17687,17517,17466,17854,18075,18063,17998,18230,18155,18199,18236,18482,18374,18406,18372,18454,18686,18796,18657,18839,18885,18781,18916,19003,19014,19007,18994,19078,19258,18980,19308,19091,19545,19339,19361,19248,19488,19416,19381,19386,19835,19368,19627,19624,19528,19499
8110,7834,7428,6850,6417,6273,6367,6557,6860,7075,7391,7844,8000,8337,8538,8800,9062,9290,9498,9724,9969,10439,10404,10680,10813,11062,11274,11409,11665,11905,11953,12191,12377,12702,12883,12992,13188,13276,13527,13477,13932,13933,13969,14076,14309,14602,14791,14991,14904,15065,15368,15390,15693,15661,15984,15962,16136,16379,16484,16713,16530,16663,16819,16840,17108,17155,17323,17428,17507,17936,17516,17965,17856,17911,18040,18238,17974,18111,18284,18320,18627,18608,18542,18447,18828,18850,18826,18714,19007,19187,18896,19086,19119,19344,18854,19428,19615,19613,19630,19411,19740,19648,19774,19665,19892,19626,19862,19703,19739,19969,19764,19913,19970,19929,20036,20250,19846,20084,19873,20020
8574,8152,7550,7058,6699,6476,6345,6788,7058,7245,7575,7945,8281,8642,8863,9167,9261,9681,9882,10131,10363,10526,10571,11062,11249,11415,11631,11748,11932,12138,12424,12741,12612,12858,13250,13341,13329,13686,13634,13630,14047,13867,14204,14334,14397,14846,14715,14902,15237,15614,15435,15729,15726,15778,15772,16046,16213,16663,16670,16706,16602,17187,16985,17100,17344,17257,17593,17400,17706,17559,17777,18059,18052,18130,18407,18313,18295,18389,18559,18812,18951,18736,19082,18772,18954,19171,19263,19347,19338,19558,19652,19605,19735,19705,19465,19543,19860,19878,19870,19917,19925,19893,19898,19846,20174,20170,20040,20144,20085,20471,20466,20110,20373,20733,20711,20329,20504,20566,20455,20436
8813,8654,8096,7198,6493,5973,5716,5502,5562,5578,5763,5754,5781,5873,5853,5813,5733,5759,5826,5849,5922,5834,5927,5980,5987,6083,6095,6133,6105,6066,6249,6338,6197,6261,6231,6457,6414,6258,6405,6516,6570,6611,6692,6762,6988,7127,7256,7118,7152,7346,7275,7419,7491,7488,7520,7551,7720,7843,7895,7999,7961,8012,8143,8274,8344,8260,8497,8534,8686,8624,8658,8866,8787,8940,8968,8852,9090,9162,9322,9399,9195,9366,9504,9380,9708,9481,9628,9764,9661,9631,9706,9621,9743,9715,9693,9767,9828,9862,9466,9911,9702,9706,9805,9608,9941,9809,9974,9704,9750,9842,9770,9916,9798,9778,9922,9593,9814,9525,9459,9568
8601,8531,7679,7131,6313,5617,5523,5334,5286,5634,5540,5564,5770,5521,5553,5707,5736,5588,5523,5617,5697,5702,5706,5909,5898,5786,6036,5946,6063,6084,6060,6186,6315,6238,6276,6358,6390,6457,6360,6386,6441,6558,6502,6783,6786,6819,6930,6917,7082,7113,7090,7311,7449,7462,7449,7555,7506,7585,7789,7861,7995,8057,7923,8045,8194,8250,8299,8216,8674,8542,8685,8750,8894,8710,8924,8873,9091,8724,9073,8995,9035,9153,9166,9287,9258,9222,9438,9452,9273,9395,9533,9366,9484,9445,9457,9775,9524,9688,9649,9789,9635,9652,9615,9641,9655,9685,9751,9576,9482,9528,9447,9476,9537,9679,9575,9395,9315,9302,9450,9150
8136,8075,7423,6765,6065,5527,5114,5052,5077,4931,5020,5177,5253,5244,5315,5489,5227,5262,5352,5375,5388,5435,5424,5636,5455,5417,5554,5497,5583,5589,5609,5554,5527,5636,5690,5701,5792,5817,5886,5890,6019,5902,5978,5935,5952,6335,6267,6264,6443,6454,6528,6485,6626,6660,6822,7022,7062,7129,7103,7145,7297,7380,7474,7590,7518,7602,7755,7837,7842,7997,7985,7781,8198,8117,8006,8325,8379,8532,8462,8535,8492,8677,8713,8695,8639,8690,8726,8737,8706,8782,8916,8908,9044,8790,9025,8802,9047,9031,9072,8997,9121,8997,9243,9225,9214,9059,9170,9109,9155,9204,9394,9280,9124,9140,9339,8932,9028,9084,8866,9009
