,Transfer Volume,Reaction Volume (nL),Destination Well,Source Plate Barcode,Source Plate Type,Source Well,Content,Destination_plate Type
0,90,8340 (nL),D10,384PP_AQ_BP_plate_1,384PP_AQ_BP,A06,arabinose %,384PP_Dest
1,90,8340 (nL),D11,384PP_AQ_BP_plate_1,384PP_AQ_BP,A06,arabinose %,384PP_Dest
2,90,8340 (nL),D12,384PP_AQ_BP_plate_1,384PP_AQ_BP,A06,arabinose %,384PP_Dest
3,90,8340 (nL),D13,384PP_AQ_BP_plate_1,384PP_AQ_BP,A06,arabinose %,384PP_Dest
4,90,8340 (nL),D14,384PP_AQ_BP_plate_1,384PP_AQ_BP,A06,arabinose %,384PP_Dest
5,90,8340 (nL),D15,384PP_AQ_BP_plate_1,384PP_AQ_BP,A06,arabinose %,384PP_Dest
6,90,8340 (nL),D16,384PP_AQ_BP_plate_1,384PP_AQ_BP,A06,arabinose %,384PP_Dest
7,90,8340 (nL),D17,384PP_AQ_BP_plate_1,384PP_AQ_BP,A06,arabinose %,384PP_Dest
8,90,8340 (nL),D18,384PP_AQ_BP_plate_1,384PP_AQ_BP,A06,arabinose %,384PP_Dest
9,90,8340 (nL),D19,384PP_AQ_BP_plate_1,384PP_AQ_BP,A06,arabinose %,384PP_Dest
10,90,8340 (nL),D20,384PP_AQ_BP_plate_1,384PP_AQ_BP,A06,arabinose %,384PP_Dest
11,90,8340 (nL),D21,384PP_AQ_BP_plate_1,384PP_AQ_BP,A06,arabinose %,384PP_Dest
12,90,9090 (nL),D22,384PP_AQ_BP_plate_1,384PP_AQ_BP,A06,arabinose %,384PP_Dest
13,90,9090 (nL),D23,384PP_AQ_BP_plate_1,384PP_AQ_BP,A06,arabinose %,384PP_Dest
14,90,9090 (nL),D24,384PP_AQ_BP_plate_1,384PP_AQ_BP,A06,arabinose %,384PP_Dest
15,90,9090 (nL),E01,384PP_AQ_BP_plate_1,384PP_AQ_BP,A06,arabinose %,384PP_Dest
16,90,9090 (nL),E02,384PP_AQ_BP_plate_1,384PP_AQ_BP,A06,arabinose %,384PP_Dest
17,90,9090 (nL),E03,384PP_AQ_BP_plate_1,384PP_AQ_BP,A06,arabinose %,384PP_Dest
18,90,8940 (nL),E04,384PP_AQ_BP_plate_1,384PP_AQ_BP,A06,arabinose %,384PP_Dest
19,90,8940 (nL),E05,384PP_AQ_BP_plate_1,384PP_AQ_BP,A06,arabinose %,384PP_Dest
20,90,8940 (nL),E06,384PP_AQ_BP_plate_1,384PP_AQ_BP,A06,arabinose %,384PP_Dest
21,90,8940 (nL),E07,384PP_AQ_BP_plate_1,384PP_AQ_BP,A06,arabinose %,384PP_Dest
22,90,8940 (nL),E08,384PP_AQ_BP_plate_1,384PP_AQ_BP,A06,arabinose %,384PP_Dest
23,90,8940 (nL),E09,384PP_AQ_BP_plate_1,384PP_AQ_BP,A06,arabinose %,384PP_Dest
24,90,8340 (nL),E10,384PP_AQ_BP_plate_1,384PP_AQ_BP,A06,arabinose %,384PP_Dest
25,90,8340 (nL),E11,384PP_AQ_BP_plate_1,384PP_AQ_BP,A06,arabinose %,384PP_Dest
26,90,8340 (nL),E12,384PP_AQ_BP_plate_1,384PP_AQ_BP,A06,arabinose %,384PP_Dest
27,90,8490 (nL),E13,384PP_AQ_BP_plate_1,384PP_AQ_BP,A06,arabinose %,384PP_Dest
28,90,8490 (nL),E14,384PP_AQ_BP_plate_1,384PP_AQ_BP,A06,arabinose %,384PP_Dest
29,90,8490 (nL),E15,384PP_AQ_BP_plate_1,384PP_AQ_BP,A06,arabinose %,384PP_Dest
30,90,8940 (nL),E16,384PP_AQ_BP_plate_1,384PP_AQ_BP,A06,arabinose %,384PP_Dest
31,90,8940 (nL),E17,384PP_AQ_BP_plate_1,384PP_AQ_BP,A06,arabinose %,384PP_Dest
32,90,8940 (nL),E18,384PP_AQ_BP_plate_1,384PP_AQ_BP,A06,arabinose %,384PP_Dest
33,90,9090 (nL),E19,384PP_AQ_BP_plate_1,384PP_AQ_BP,A06,arabinose %,384PP_Dest
34,90,9090 (nL),E20,384PP_AQ_BP_plate_1,384PP_AQ_BP,A06,arabinose %,384PP_Dest
35,90,9090 (nL),E21,384PP_AQ_BP_plate_1,384PP_AQ_BP,A06,arabinose %,384PP_Dest
36,90,8340 (nL),E22,384PP_AQ_BP_plate_1,384PP_AQ_BP,A06,arabinose %,384PP_Dest
37,90,8340 (nL),E23,384PP_AQ_BP_plate_1,384PP_AQ_BP,A06,arabinose %,384PP_Dest
38,90,8340 (nL),E24,384PP_AQ_BP_plate_1,384PP_AQ_BP,A06,arabinose %,384PP_Dest
39,150,9090 (nL),D22,384PP_AQ_BP_plate_1,384PP_AQ_BP,A07, IPTG (mM),384PP_Dest
40,150,9090 (nL),D23,384PP_AQ_BP_plate_1,384PP_AQ_BP,A07, IPTG (mM),384PP_Dest
41,150,9090 (nL),D24,384PP_AQ_BP_plate_1,384PP_AQ_BP,A07, IPTG (mM),384PP_Dest
42,150,9090 (nL),E01,384PP_AQ_BP_plate_1,384PP_AQ_BP,A07, IPTG (mM),384PP_Dest
43,150,9090 (nL),E02,384PP_AQ_BP_plate_1,384PP_AQ_BP,A07, IPTG (mM),384PP_Dest
44,150,9090 (nL),E03,384PP_AQ_BP_plate_1,384PP_AQ_BP,A07, IPTG (mM),384PP_Dest
45,150,8490 (nL),E13,384PP_AQ_BP_plate_1,384PP_AQ_BP,A07, IPTG (mM),384PP_Dest
46,150,8490 (nL),E14,384PP_AQ_BP_plate_1,384PP_AQ_BP,A07, IPTG (mM),384PP_Dest
47,150,8490 (nL),E15,384PP_AQ_BP_plate_1,384PP_AQ_BP,A07, IPTG (mM),384PP_Dest
48,150,9090 (nL),E19,384PP_AQ_BP_plate_1,384PP_AQ_BP,A07, IPTG (mM),384PP_Dest
49,150,9090 (nL),E20,384PP_AQ_BP_plate_1,384PP_AQ_BP,A07, IPTG (mM),384PP_Dest
50,150,9090 (nL),E21,384PP_AQ_BP_plate_1,384PP_AQ_BP,A07, IPTG (mM),384PP_Dest
51,1260,5250 (nL),D01,384PP_AQ_BP_plate_1,384PP_AQ_BP,{A08;A09},EB,384PP_Dest
52,1260,5250 (nL),D02,384PP_AQ_BP_plate_1,384PP_AQ_BP,{A08;A09},EB,384PP_Dest
53,1260,5250 (nL),D03,384PP_AQ_BP_plate_1,384PP_AQ_BP,{A08;A09},EB,384PP_Dest
54,1260,5250 (nL),D04,384PP_AQ_BP_plate_1,384PP_AQ_BP,{A08;A09},EB,384PP_Dest
55,1260,5250 (nL),D05,384PP_AQ_BP_plate_1,384PP_AQ_BP,{A08;A09},EB,384PP_Dest
56,1260,5250 (nL),D06,384PP_AQ_BP_plate_1,384PP_AQ_BP,{A08;A09},EB,384PP_Dest
57,1260,5250 (nL),D07,384PP_AQ_BP_plate_1,384PP_AQ_BP,{A08;A09},EB,384PP_Dest
58,1260,5250 (nL),D08,384PP_AQ_BP_plate_1,384PP_AQ_BP,{A08;A09},EB,384PP_Dest
59,1260,5250 (nL),D09,384PP_AQ_BP_plate_1,384PP_AQ_BP,{A08;A09},EB,384PP_Dest
60,1260,8340 (nL),D10,384PP_AQ_BP_plate_1,384PP_AQ_BP,{A08;A09},EB,384PP_Dest
61,1260,8340 (nL),D11,384PP_AQ_BP_plate_1,384PP_AQ_BP,{A08;A09},EB,384PP_Dest
62,1260,8340 (nL),D12,384PP_AQ_BP_plate_1,384PP_AQ_BP,{A08;A09},EB,384PP_Dest
63,1260,8340 (nL),D13,384PP_AQ_BP_plate_1,384PP_AQ_BP,{A08;A09},EB,384PP_Dest
64,1260,8340 (nL),D14,384PP_AQ_BP_plate_1,384PP_AQ_BP,{A08;A09},EB,384PP_Dest
65,1260,8340 (nL),D15,384PP_AQ_BP_plate_1,384PP_AQ_BP,{A08;A09},EB,384PP_Dest
66,1260,8340 (nL),D16,384PP_AQ_BP_plate_1,384PP_AQ_BP,{A08;A09},EB,384PP_Dest
67,1260,8340 (nL),D17,384PP_AQ_BP_plate_1,384PP_AQ_BP,{A08;A09},EB,384PP_Dest
68,1260,8340 (nL),D18,384PP_AQ_BP_plate_1,384PP_AQ_BP,{A08;A09},EB,384PP_Dest
69,1260,8340 (nL),D19,384PP_AQ_BP_plate_1,384PP_AQ_BP,{A08;A09},EB,384PP_Dest
70,1260,8340 (nL),D20,384PP_AQ_BP_plate_1,384PP_AQ_BP,{A08;A09},EB,384PP_Dest
71,1260,8340 (nL),D21,384PP_AQ_BP_plate_1,384PP_AQ_BP,{A08;A09},EB,384PP_Dest
72,1260,9090 (nL),D22,384PP_AQ_BP_plate_1,384PP_AQ_BP,{A08;A09},EB,384PP_Dest
73,1260,9090 (nL),D23,384PP_AQ_BP_plate_1,384PP_AQ_BP,{A08;A09},EB,384PP_Dest
74,1260,9090 (nL),D24,384PP_AQ_BP_plate_1,384PP_AQ_BP,{A08;A09},EB,384PP_Dest
75,1260,9090 (nL),E01,384PP_AQ_BP_plate_1,384PP_AQ_BP,{A08;A09},EB,384PP_Dest
76,1260,9090 (nL),E02,384PP_AQ_BP_plate_1,384PP_AQ_BP,{A08;A09},EB,384PP_Dest
77,1260,9090 (nL),E03,384PP_AQ_BP_plate_1,384PP_AQ_BP,{A08;A09},EB,384PP_Dest
78,1260,8940 (nL),E04,384PP_AQ_BP_plate_1,384PP_AQ_BP,{A08;A09},EB,384PP_Dest
79,1260,8940 (nL),E05,384PP_AQ_BP_plate_1,384PP_AQ_BP,{A08;A09},EB,384PP_Dest
80,1260,8940 (nL),E06,384PP_AQ_BP_plate_1,384PP_AQ_BP,{A08;A09},EB,384PP_Dest
81,1260,8940 (nL),E07,384PP_AQ_BP_plate_1,384PP_AQ_BP,{A08;A09},EB,384PP_Dest
82,1260,8940 (nL),E08,384PP_AQ_BP_plate_1,384PP_AQ_BP,{A08;A09},EB,384PP_Dest
83,1260,8940 (nL),E09,384PP_AQ_BP_plate_1,384PP_AQ_BP,{A08;A09},EB,384PP_Dest
84,1260,8340 (nL),E10,384PP_AQ_BP_plate_1,384PP_AQ_BP,{A08;A09},EB,384PP_Dest
85,1260,8340 (nL),E11,384PP_AQ_BP_plate_1,384PP_AQ_BP,{A08;A09},EB,384PP_Dest
86,1260,8340 (nL),E12,384PP_AQ_BP_plate_1,384PP_AQ_BP,{A08;A09},EB,384PP_Dest
87,1260,8490 (nL),E13,384PP_AQ_BP_plate_1,384PP_AQ_BP,{A08;A09},EB,384PP_Dest
88,1260,8490 (nL),E14,384PP_AQ_BP_plate_1,384PP_AQ_BP,{A08;A09},EB,384PP_Dest
89,1260,8490 (nL),E15,384PP_AQ_BP_plate_1,384PP_AQ_BP,{A08;A09},EB,384PP_Dest
90,1260,8940 (nL),E16,384PP_AQ_BP_plate_1,384PP_AQ_BP,{A08;A09},EB,384PP_Dest
91,1260,8940 (nL),E17,384PP_AQ_BP_plate_1,384PP_AQ_BP,{A08;A09},EB,384PP_Dest
92,1260,8940 (nL),E18,384PP_AQ_BP_plate_1,384PP_AQ_BP,{A08;A09},EB,384PP_Dest
93,1260,9090 (nL),E19,384PP_AQ_BP_plate_1,384PP_AQ_BP,{A08;A09},EB,384PP_Dest
94,1260,9090 (nL),E20,384PP_AQ_BP_plate_1,384PP_AQ_BP,{A08;A09},EB,384PP_Dest
95,1260,9090 (nL),E21,384PP_AQ_BP_plate_1,384PP_AQ_BP,{A08;A09},EB,384PP_Dest
96,1260,8340 (nL),E22,384PP_AQ_BP_plate_1,384PP_AQ_BP,{A08;A09},EB,384PP_Dest
97,1260,8340 (nL),E23,384PP_AQ_BP_plate_1,384PP_AQ_BP,{A08;A09},EB,384PP_Dest
98,1260,8340 (nL),E24,384PP_AQ_BP_plate_1,384PP_AQ_BP,{A08;A09},EB,384PP_Dest
99,990,5250 (nL),D01,384PP_AQ_BP_plate_1,384PP_AQ_BP,{A10;A11},CE,384PP_Dest
100,990,5250 (nL),D02,384PP_AQ_BP_plate_1,384PP_AQ_BP,{A10;A11},CE,384PP_Dest
101,990,5250 (nL),D03,384PP_AQ_BP_plate_1,384PP_AQ_BP,{A10;A11},CE,384PP_Dest
102,990,5250 (nL),D04,384PP_AQ_BP_plate_1,384PP_AQ_BP,{A10;A11},CE,384PP_Dest
103,990,5250 (nL),D05,384PP_AQ_BP_plate_1,384PP_AQ_BP,{A10;A11},CE,384PP_Dest
104,990,5250 (nL),D06,384PP_AQ_BP_plate_1,384PP_AQ_BP,{A10;A11},CE,384PP_Dest
105,990,5250 (nL),D07,384PP_AQ_BP_plate_1,384PP_AQ_BP,{A10;A11},CE,384PP_Dest
106,990,5250 (nL),D08,384PP_AQ_BP_plate_1,384PP_AQ_BP,{A10;A11},CE,384PP_Dest
107,990,5250 (nL),D09,384PP_AQ_BP_plate_1,384PP_AQ_BP,{A10;A11},CE,384PP_Dest
108,990,8340 (nL),D10,384PP_AQ_BP_plate_1,384PP_AQ_BP,{A10;A11},CE,384PP_Dest
109,990,8340 (nL),D11,384PP_AQ_BP_plate_1,384PP_AQ_BP,{A10;A11},CE,384PP_Dest
110,990,8340 (nL),D12,384PP_AQ_BP_plate_1,384PP_AQ_BP,{A10;A11},CE,384PP_Dest
111,990,8340 (nL),D13,384PP_AQ_BP_plate_1,384PP_AQ_BP,{A10;A11},CE,384PP_Dest
112,990,8340 (nL),D14,384PP_AQ_BP_plate_1,384PP_AQ_BP,{A10;A11},CE,384PP_Dest
113,990,8340 (nL),D15,384PP_AQ_BP_plate_1,384PP_AQ_BP,{A10;A11},CE,384PP_Dest
114,990,8340 (nL),D16,384PP_AQ_BP_plate_1,384PP_AQ_BP,{A10;A11},CE,384PP_Dest
115,990,8340 (nL),D17,384PP_AQ_BP_plate_1,384PP_AQ_BP,{A10;A11},CE,384PP_Dest
116,990,8340 (nL),D18,384PP_AQ_BP_plate_1,384PP_AQ_BP,{A10;A11},CE,384PP_Dest
117,990,8340 (nL),D19,384PP_AQ_BP_plate_1,384PP_AQ_BP,{A10;A11},CE,384PP_Dest
118,990,8340 (nL),D20,384PP_AQ_BP_plate_1,384PP_AQ_BP,{A10;A11},CE,384PP_Dest
119,990,8340 (nL),D21,384PP_AQ_BP_plate_1,384PP_AQ_BP,{A10;A11},CE,384PP_Dest
120,990,9090 (nL),D22,384PP_AQ_BP_plate_1,384PP_AQ_BP,{A10;A11},CE,384PP_Dest
121,990,9090 (nL),D23,384PP_AQ_BP_plate_1,384PP_AQ_BP,{A10;A11},CE,384PP_Dest
122,990,9090 (nL),D24,384PP_AQ_BP_plate_1,384PP_AQ_BP,{A10;A11},CE,384PP_Dest
123,990,9090 (nL),E01,384PP_AQ_BP_plate_1,384PP_AQ_BP,{A10;A11},CE,384PP_Dest
124,990,9090 (nL),E02,384PP_AQ_BP_plate_1,384PP_AQ_BP,{A10;A11},CE,384PP_Dest
125,990,9090 (nL),E03,384PP_AQ_BP_plate_1,384PP_AQ_BP,{A10;A11},CE,384PP_Dest
126,990,8940 (nL),E04,384PP_AQ_BP_plate_1,384PP_AQ_BP,{A10;A11},CE,384PP_Dest
127,990,8940 (nL),E05,384PP_AQ_BP_plate_1,384PP_AQ_BP,{A10;A11},CE,384PP_Dest
128,990,8940 (nL),E06,384PP_AQ_BP_plate_1,384PP_AQ_BP,{A10;A11},CE,384PP_Dest
129,990,8940 (nL),E07,384PP_AQ_BP_plate_1,384PP_AQ_BP,{A10;A11},CE,384PP_Dest
130,990,8940 (nL),E08,384PP_AQ_BP_plate_1,384PP_AQ_BP,{A10;A11},CE,384PP_Dest
131,990,8940 (nL),E09,384PP_AQ_BP_plate_1,384PP_AQ_BP,{A10;A11},CE,384PP_Dest
132,990,8340 (nL),E10,384PP_AQ_BP_plate_1,384PP_AQ_BP,{A10;A11},CE,384PP_Dest
133,990,8340 (nL),E11,384PP_AQ_BP_plate_1,384PP_AQ_BP,{A10;A11},CE,384PP_Dest
134,990,8340 (nL),E12,384PP_AQ_BP_plate_1,384PP_AQ_BP,{A10;A11},CE,384PP_Dest
135,990,8490 (nL),E13,384PP_AQ_BP_plate_1,384PP_AQ_BP,{A10;A11},CE,384PP_Dest
136,990,8490 (nL),E14,384PP_AQ_BP_plate_1,384PP_AQ_BP,{A10;A11},CE,384PP_Dest
137,990,8490 (nL),E15,384PP_AQ_BP_plate_1,384PP_AQ_BP,{A10;A11},CE,384PP_Dest
138,990,8940 (nL),E16,384PP_AQ_BP_plate_1,384PP_AQ_BP,{A10;A11},CE,384PP_Dest
139,990,8940 (nL),E17,384PP_AQ_BP_plate_1,384PP_AQ_BP,{A10;A11},CE,384PP_Dest
140,990,8940 (nL),E18,384PP_AQ_BP_plate_1,384PP_AQ_BP,{A10;A11},CE,384PP_Dest
141,990,9090 (nL),E19,384PP_AQ_BP_plate_1,384PP_AQ_BP,{A10;A11},CE,384PP_Dest
142,990,9090 (nL),E20,384PP_AQ_BP_plate_1,384PP_AQ_BP,{A10;A11},CE,384PP_Dest
143,990,9090 (nL),E21,384PP_AQ_BP_plate_1,384PP_AQ_BP,{A10;A11},CE,384PP_Dest
144,990,8340 (nL),E22,384PP_AQ_BP_plate_1,384PP_AQ_BP,{A10;A11},CE,384PP_Dest
145,990,8340 (nL),E23,384PP_AQ_BP_plate_1,384PP_AQ_BP,{A10;A11},CE,384PP_Dest
146,990,8340 (nL),E24,384PP_AQ_BP_plate_1,384PP_AQ_BP,{A10;A11},CE,384PP_Dest
147,3000,5250 (nL),D04,384PP_AQ_BP_plate_1,384PP_AQ_BP,A12,1^p (nM),384PP_Dest
148,3000,5250 (nL),D05,384PP_AQ_BP_plate_1,384PP_AQ_BP,A12,1^p (nM),384PP_Dest
149,3000,5250 (nL),D06,384PP_AQ_BP_plate_1,384PP_AQ_BP,A12,1^p (nM),384PP_Dest
150,3000,8340 (nL),D10,384PP_AQ_BP_plate_1,384PP_AQ_BP,{A13;A14},5^p (nM),384PP_Dest
151,3000,8340 (nL),D11,384PP_AQ_BP_plate_1,384PP_AQ_BP,{A13;A14},5^p (nM),384PP_Dest
152,3000,8340 (nL),D12,384PP_AQ_BP_plate_1,384PP_AQ_BP,{A13;A14},5^p (nM),384PP_Dest
153,3000,8340 (nL),D16,384PP_AQ_BP_plate_1,384PP_AQ_BP,{A13;A14},5^p (nM),384PP_Dest
154,3000,8340 (nL),D17,384PP_AQ_BP_plate_1,384PP_AQ_BP,{A13;A14},5^p (nM),384PP_Dest
155,3000,8340 (nL),D18,384PP_AQ_BP_plate_1,384PP_AQ_BP,{A13;A14},5^p (nM),384PP_Dest
156,3000,9090 (nL),D22,384PP_AQ_BP_plate_1,384PP_AQ_BP,{A13;A14},5^p (nM),384PP_Dest
157,3000,9090 (nL),D23,384PP_AQ_BP_plate_1,384PP_AQ_BP,{A13;A14},5^p (nM),384PP_Dest
158,3000,9090 (nL),D24,384PP_AQ_BP_plate_1,384PP_AQ_BP,{A13;A14},5^p (nM),384PP_Dest
159,3000,9090 (nL),E01,384PP_AQ_BP_plate_1,384PP_AQ_BP,{A13;A14},5^p (nM),384PP_Dest
160,3000,9090 (nL),E02,384PP_AQ_BP_plate_1,384PP_AQ_BP,{A13;A14},5^p (nM),384PP_Dest
161,3000,9090 (nL),E03,384PP_AQ_BP_plate_1,384PP_AQ_BP,{A13;A14},5^p (nM),384PP_Dest
162,3000,8940 (nL),E04,384PP_AQ_BP_plate_1,384PP_AQ_BP,{A13;A14},5^p (nM),384PP_Dest
163,3000,8940 (nL),E05,384PP_AQ_BP_plate_1,384PP_AQ_BP,{A13;A14},5^p (nM),384PP_Dest
164,3000,8940 (nL),E06,384PP_AQ_BP_plate_1,384PP_AQ_BP,{A13;A14},5^p (nM),384PP_Dest
165,3000,8940 (nL),E07,384PP_AQ_BP_plate_1,384PP_AQ_BP,{A13;A14},5^p (nM),384PP_Dest
166,3000,8940 (nL),E08,384PP_AQ_BP_plate_1,384PP_AQ_BP,{A13;A14},5^p (nM),384PP_Dest
167,3000,8940 (nL),E09,384PP_AQ_BP_plate_1,384PP_AQ_BP,{A13;A14},5^p (nM),384PP_Dest
168,3000,8340 (nL),D10,384PP_AQ_BP_plate_1,384PP_AQ_BP,{A15;A16;A17},6^p (nM),384PP_Dest
169,3000,8340 (nL),D11,384PP_AQ_BP_plate_1,384PP_AQ_BP,{A15;A16;A17},6^p (nM),384PP_Dest
170,3000,8340 (nL),D12,384PP_AQ_BP_plate_1,384PP_AQ_BP,{A15;A16;A17},6^p (nM),384PP_Dest
171,3000,8340 (nL),D13,384PP_AQ_BP_plate_1,384PP_AQ_BP,{A15;A16;A17},6^p (nM),384PP_Dest
172,3000,8340 (nL),D14,384PP_AQ_BP_plate_1,384PP_AQ_BP,{A15;A16;A17},6^p (nM),384PP_Dest
173,3000,8340 (nL),D15,384PP_AQ_BP_plate_1,384PP_AQ_BP,{A15;A16;A17},6^p (nM),384PP_Dest
174,3000,9090 (nL),D22,384PP_AQ_BP_plate_1,384PP_AQ_BP,{A15;A16;A17},6^p (nM),384PP_Dest
175,3000,9090 (nL),D23,384PP_AQ_BP_plate_1,384PP_AQ_BP,{A15;A16;A17},6^p (nM),384PP_Dest
176,3000,9090 (nL),D24,384PP_AQ_BP_plate_1,384PP_AQ_BP,{A15;A16;A17},6^p (nM),384PP_Dest
177,3000,8940 (nL),E04,384PP_AQ_BP_plate_1,384PP_AQ_BP,{A15;A16;A17},6^p (nM),384PP_Dest
178,3000,8940 (nL),E05,384PP_AQ_BP_plate_1,384PP_AQ_BP,{A15;A16;A17},6^p (nM),384PP_Dest
179,3000,8940 (nL),E06,384PP_AQ_BP_plate_1,384PP_AQ_BP,{A15;A16;A17},6^p (nM),384PP_Dest
180,3000,8940 (nL),E07,384PP_AQ_BP_plate_1,384PP_AQ_BP,{A15;A16;A17},6^p (nM),384PP_Dest
181,3000,8940 (nL),E08,384PP_AQ_BP_plate_1,384PP_AQ_BP,{A15;A16;A17},6^p (nM),384PP_Dest
182,3000,8940 (nL),E09,384PP_AQ_BP_plate_1,384PP_AQ_BP,{A15;A16;A17},6^p (nM),384PP_Dest
183,3000,8340 (nL),E10,384PP_AQ_BP_plate_1,384PP_AQ_BP,{A15;A16;A17},6^p (nM),384PP_Dest
184,3000,8340 (nL),E11,384PP_AQ_BP_plate_1,384PP_AQ_BP,{A15;A16;A17},6^p (nM),384PP_Dest
185,3000,8340 (nL),E12,384PP_AQ_BP_plate_1,384PP_AQ_BP,{A15;A16;A17},6^p (nM),384PP_Dest
186,3000,8490 (nL),E13,384PP_AQ_BP_plate_1,384PP_AQ_BP,{A15;A16;A17},6^p (nM),384PP_Dest
187,3000,8490 (nL),E14,384PP_AQ_BP_plate_1,384PP_AQ_BP,{A15;A16;A17},6^p (nM),384PP_Dest
188,3000,8490 (nL),E15,384PP_AQ_BP_plate_1,384PP_AQ_BP,{A15;A16;A17},6^p (nM),384PP_Dest
189,3000,8940 (nL),E16,384PP_AQ_BP_plate_1,384PP_AQ_BP,{A15;A16;A17},6^p (nM),384PP_Dest
190,3000,8940 (nL),E17,384PP_AQ_BP_plate_1,384PP_AQ_BP,{A15;A16;A17},6^p (nM),384PP_Dest
191,3000,8940 (nL),E18,384PP_AQ_BP_plate_1,384PP_AQ_BP,{A15;A16;A17},6^p (nM),384PP_Dest
192,3000,9090 (nL),E19,384PP_AQ_BP_plate_1,384PP_AQ_BP,{A15;A16;A17},6^p (nM),384PP_Dest
193,3000,9090 (nL),E20,384PP_AQ_BP_plate_1,384PP_AQ_BP,{A15;A16;A17},6^p (nM),384PP_Dest
194,3000,9090 (nL),E21,384PP_AQ_BP_plate_1,384PP_AQ_BP,{A15;A16;A17},6^p (nM),384PP_Dest
195,3000,8340 (nL),E22,384PP_AQ_BP_plate_1,384PP_AQ_BP,{A15;A16;A17},6^p (nM),384PP_Dest
196,3000,8340 (nL),E23,384PP_AQ_BP_plate_1,384PP_AQ_BP,{A15;A16;A17},6^p (nM),384PP_Dest
197,3000,8340 (nL),E24,384PP_AQ_BP_plate_1,384PP_AQ_BP,{A15;A16;A17},6^p (nM),384PP_Dest
198,600,9090 (nL),D22,384PP_AQ_BP_plate_1,384PP_AQ_BP,A18,169^p (nM),384PP_Dest
199,600,9090 (nL),D23,384PP_AQ_BP_plate_1,384PP_AQ_BP,A18,169^p (nM),384PP_Dest
200,600,9090 (nL),D24,384PP_AQ_BP_plate_1,384PP_AQ_BP,A18,169^p (nM),384PP_Dest
201,600,9090 (nL),E01,384PP_AQ_BP_plate_1,384PP_AQ_BP,A18,169^p (nM),384PP_Dest
202,600,9090 (nL),E02,384PP_AQ_BP_plate_1,384PP_AQ_BP,A18,169^p (nM),384PP_Dest
203,600,9090 (nL),E03,384PP_AQ_BP_plate_1,384PP_AQ_BP,A18,169^p (nM),384PP_Dest
204,600,8940 (nL),E04,384PP_AQ_BP_plate_1,384PP_AQ_BP,A18,169^p (nM),384PP_Dest
205,600,8940 (nL),E05,384PP_AQ_BP_plate_1,384PP_AQ_BP,A18,169^p (nM),384PP_Dest
206,600,8940 (nL),E06,384PP_AQ_BP_plate_1,384PP_AQ_BP,A18,169^p (nM),384PP_Dest
207,600,8940 (nL),E07,384PP_AQ_BP_plate_1,384PP_AQ_BP,A18,169^p (nM),384PP_Dest
208,600,8940 (nL),E08,384PP_AQ_BP_plate_1,384PP_AQ_BP,A18,169^p (nM),384PP_Dest
209,600,8940 (nL),E09,384PP_AQ_BP_plate_1,384PP_AQ_BP,A18,169^p (nM),384PP_Dest
210,600,8940 (nL),E16,384PP_AQ_BP_plate_1,384PP_AQ_BP,A18,169^p (nM),384PP_Dest
211,600,8940 (nL),E17,384PP_AQ_BP_plate_1,384PP_AQ_BP,A18,169^p (nM),384PP_Dest
212,600,8940 (nL),E18,384PP_AQ_BP_plate_1,384PP_AQ_BP,A18,169^p (nM),384PP_Dest
213,600,9090 (nL),E19,384PP_AQ_BP_plate_1,384PP_AQ_BP,A18,169^p (nM),384PP_Dest
214,600,9090 (nL),E20,384PP_AQ_BP_plate_1,384PP_AQ_BP,A18,169^p (nM),384PP_Dest
215,600,9090 (nL),E21,384PP_AQ_BP_plate_1,384PP_AQ_BP,A18,169^p (nM),384PP_Dest
216,3000,5250 (nL),D01,384PP_AQ_BP_plate_1,384PP_AQ_BP,A19,deGFP^p (nM),384PP_Dest
217,3000,5250 (nL),D02,384PP_AQ_BP_plate_1,384PP_AQ_BP,A19,deGFP^p (nM),384PP_Dest
218,3000,5250 (nL),D03,384PP_AQ_BP_plate_1,384PP_AQ_BP,A19,deGFP^p (nM),384PP_Dest
219,3000,5250 (nL),D07,384PP_AQ_BP_plate_1,384PP_AQ_BP,A20, 1^f (nM),384PP_Dest
220,3000,5250 (nL),D08,384PP_AQ_BP_plate_1,384PP_AQ_BP,A20, 1^f (nM),384PP_Dest
221,3000,5250 (nL),D09,384PP_AQ_BP_plate_1,384PP_AQ_BP,A20, 1^f (nM),384PP_Dest
222,3000,8340 (nL),E10,384PP_AQ_BP_plate_1,384PP_AQ_BP,A21, 3^f (nM),384PP_Dest
223,3000,8340 (nL),E11,384PP_AQ_BP_plate_1,384PP_AQ_BP,A21, 3^f (nM),384PP_Dest
224,3000,8340 (nL),E12,384PP_AQ_BP_plate_1,384PP_AQ_BP,A21, 3^f (nM),384PP_Dest
225,3000,8490 (nL),E13,384PP_AQ_BP_plate_1,384PP_AQ_BP,A21, 3^f (nM),384PP_Dest
226,3000,8490 (nL),E14,384PP_AQ_BP_plate_1,384PP_AQ_BP,A21, 3^f (nM),384PP_Dest
227,3000,8490 (nL),E15,384PP_AQ_BP_plate_1,384PP_AQ_BP,A21, 3^f (nM),384PP_Dest
228,3000,8940 (nL),E16,384PP_AQ_BP_plate_1,384PP_AQ_BP,A21, 3^f (nM),384PP_Dest
229,3000,8940 (nL),E17,384PP_AQ_BP_plate_1,384PP_AQ_BP,A21, 3^f (nM),384PP_Dest
230,3000,8940 (nL),E18,384PP_AQ_BP_plate_1,384PP_AQ_BP,A21, 3^f (nM),384PP_Dest
231,3000,9090 (nL),E19,384PP_AQ_BP_plate_1,384PP_AQ_BP,A21, 3^f (nM),384PP_Dest
232,3000,9090 (nL),E20,384PP_AQ_BP_plate_1,384PP_AQ_BP,A21, 3^f (nM),384PP_Dest
233,3000,9090 (nL),E21,384PP_AQ_BP_plate_1,384PP_AQ_BP,A21, 3^f (nM),384PP_Dest
234,3000,8340 (nL),E22,384PP_AQ_BP_plate_1,384PP_AQ_BP,A22, 4^f (nM),384PP_Dest
235,3000,8340 (nL),E23,384PP_AQ_BP_plate_1,384PP_AQ_BP,A22, 4^f (nM),384PP_Dest
236,3000,8340 (nL),E24,384PP_AQ_BP_plate_1,384PP_AQ_BP,A22, 4^f (nM),384PP_Dest
237,3000,8340 (nL),D13,384PP_AQ_BP_plate_1,384PP_AQ_BP,A23, 5^f(nM),384PP_Dest
238,3000,8340 (nL),D14,384PP_AQ_BP_plate_1,384PP_AQ_BP,A23, 5^f(nM),384PP_Dest
239,3000,8340 (nL),D15,384PP_AQ_BP_plate_1,384PP_AQ_BP,A23, 5^f(nM),384PP_Dest
240,3000,8340 (nL),D19,384PP_AQ_BP_plate_1,384PP_AQ_BP,A23, 5^f(nM),384PP_Dest
241,3000,8340 (nL),D20,384PP_AQ_BP_plate_1,384PP_AQ_BP,A23, 5^f(nM),384PP_Dest
242,3000,8340 (nL),D21,384PP_AQ_BP_plate_1,384PP_AQ_BP,A23, 5^f(nM),384PP_Dest
243,3000,8340 (nL),D16,384PP_AQ_BP_plate_1,384PP_AQ_BP,A24, 6^f(nM),384PP_Dest
244,3000,8340 (nL),D17,384PP_AQ_BP_plate_1,384PP_AQ_BP,A24, 6^f(nM),384PP_Dest
245,3000,8340 (nL),D18,384PP_AQ_BP_plate_1,384PP_AQ_BP,A24, 6^f(nM),384PP_Dest
246,3000,8340 (nL),D19,384PP_AQ_BP_plate_1,384PP_AQ_BP,A24, 6^f(nM),384PP_Dest
247,3000,8340 (nL),D20,384PP_AQ_BP_plate_1,384PP_AQ_BP,A24, 6^f(nM),384PP_Dest
248,3000,8340 (nL),D21,384PP_AQ_BP_plate_1,384PP_AQ_BP,A24, 6^f(nM),384PP_Dest
249,3000,9090 (nL),E01,384PP_AQ_BP_plate_1,384PP_AQ_BP,A24, 6^f(nM),384PP_Dest
250,3000,9090 (nL),E02,384PP_AQ_BP_plate_1,384PP_AQ_BP,A24, 6^f(nM),384PP_Dest
251,3000,9090 (nL),E03,384PP_AQ_BP_plate_1,384PP_AQ_BP,A24, 6^f(nM),384PP_Dest
