sep=,
20260803_idot_mix_DS_260803_echo_exp,2.3.2.6,<User Name>,08/03/2026,4:07 PM
DispenseToWaste=True,DispenseToWasteCycles=3,DispenseToWasteVolume=1e-7,UseDeionisation=True,OptimizationLevel=ReorderAndParallel,WasteErrorHandlingLevel=Ask,SaveLiquids=Ask

Target Plate,Target Plate Type,Target Plate Barcode,Target Well,Waste Well,Source Plate,Source Plate Type,Source Plate Barcode,Source Well,Volume [uL],Liquid Name,Additional Volume Per Source Well,Liquid Class Name,X Offset,Y Offset,Spot Array
Target Plate 1,384-Well,,D10,Waste Tube,Source Plate 1,384PP_AQ_BP,,A06,9e-2,arabinose %,0e0,,,,
Target Plate 1,384-Well,,D11,Waste Tube,Source Plate 1,384PP_AQ_BP,,A06,9e-2,arabinose %,0e0,,,,
Target Plate 1,384-Well,,D12,Waste Tube,Source Plate 1,384PP_AQ_BP,,A06,9e-2,arabinose %,0e0,,,,
Target Plate 1,384-Well,,D13,Waste Tube,Source Plate 1,384PP_AQ_BP,,A06,9e-2,arabinose %,0e0,,,,
Target Plate 1,384-Well,,D14,Waste Tube,Source Plate 1,384PP_AQ_BP,,A06,9e-2,arabinose %,0e0,,,,
Target Plate 1,384-Well,,D15,Waste Tube,Source Plate 1,384PP_AQ_BP,,A06,9e-2,arabinose %,0e0,,,,
Target Plate 1,384-Well,,D16,Waste Tube,Source Plate 1,384PP_AQ_BP,,A06,9e-2,arabinose %,0e0,,,,
Target Plate 1,384-Well,,D17,Waste Tube,Source Plate 1,384PP_AQ_BP,,A06,9e-2,arabinose %,0e0,,,,
Target Plate 1,384-Well,,D18,Waste Tube,Source Plate 1,384PP_AQ_BP,,A06,9e-2,arabinose %,0e0,,,,
Target Plate 1,384-Well,,D19,Waste Tube,Source Plate 1,384PP_AQ_BP,,A06,9e-2,arabinose %,0e0,,,,
Target Plate 1,384-Well,,D20,Waste Tube,Source Plate 1,384PP_AQ_BP,,A06,9e-2,arabinose %,0e0,,,,
Target Plate 1,384-Well,,D21,Waste Tube,Source Plate 1,384PP_AQ_BP,,A06,9e-2,arabinose %,0e0,,,,
Target Plate 1,384-Well,,D22,Waste Tube,Source Plate 1,384PP_AQ_BP,,A06,9e-2,arabinose %,0e0,,,,
Target Plate 1,384-Well,,D23,Waste Tube,Source Plate 1,384PP_AQ_BP,,A06,9e-2,arabinose %,0e0,,,,
Target Plate 1,384-Well,,D24,Waste Tube,Source Plate 1,384PP_AQ_BP,,A06,9e-2,arabinose %,0e0,,,,
Target Plate 1,384-Well,,E01,Waste Tube,Source Plate 1,384PP_AQ_BP,,A06,9e-2,arabinose %,0e0,,,,
Target Plate 1,384-Well,,E02,Waste Tube,Source Plate 1,384PP_AQ_BP,,A06,9e-2,arabinose %,0e0,,,,
Target Plate 1,384-Well,,E03,Waste Tube,Source Plate 1,384PP_AQ_BP,,A06,9e-2,arabinose %,0e0,,,,
Target Plate 1,384-Well,,E04,Waste Tube,Source Plate 1,384PP_AQ_BP,,A06,9e-2,arabinose %,0e0,,,,
Target Plate 1,384-Well,,E05,Waste Tube,Source Plate 1,384PP_AQ_BP,,A06,9e-2,arabinose %,0e0,,,,
Target Plate 1,384-Well,,E06,Waste Tube,Source Plate 1,384PP_AQ_BP,,A06,9e-2,arabinose %,0e0,,,,
Target Plate 1,384-Well,,E07,Waste Tube,Source Plate 1,384PP_AQ_BP,,A06,9e-2,arabinose %,0e0,,,,
Target Plate 1,384-Well,,E08,Waste Tube,Source Plate 1,384PP_AQ_BP,,A06,9e-2,arabinose %,0e0,,,,
Target Plate 1,384-Well,,E09,Waste Tube,Source Plate 1,384PP_AQ_BP,,A06,9e-2,arabinose %,0e0,,,,
Target Plate 1,384-Well,,E10,Waste Tube,Source Plate 1,384PP_AQ_BP,,A06,9e-2,arabinose %,0e0,,,,
Target Plate 1,384-Well,,E11,Waste Tube,Source Plate 1,384PP_AQ_BP,,A06,9e-2,arabinose %,0e0,,,,
Target Plate 1,384-Well,,E12,Waste Tube,Source Plate 1,384PP_AQ_BP,,A06,9e-2,arabinose %,0e0,,,,
Target Plate 1,384-Well,,E13,Waste Tube,Source Plate 1,384PP_AQ_BP,,A06,9e-2,arabinose %,0e0,,,,
Target Plate 1,384-Well,,E14,Waste Tube,Source Plate 1,384PP_AQ_BP,,A06,9e-2,arabinose %,0e0,,,,
Target Plate 1,384-Well,,E15,Waste Tube,Source Plate 1,384PP_AQ_BP,,A06,9e-2,arabinose %,0e0,,,,
Target Plate 1,384-Well,,E16,Waste Tube,Source Plate 1,384PP_AQ_BP,,A06,9e-2,arabinose %,0e0,,,,
Target Plate 1,384-Well,,E17,Waste Tube,Source Plate 1,384PP_AQ_BP,,A06,9e-2,arabinose %,0e0,,,,
Target Plate 1,384-Well,,E18,Waste Tube,Source Plate 1,384PP_AQ_BP,,A06,9e-2,arabinose %,0e0,,,,
Target Plate 1,384-Well,,E19,Waste Tube,Source Plate 1,384PP_AQ_BP,,A06,9e-2,arabinose %,0e0,,,,
Target Plate 1,384-Well,,E20,Waste Tube,Source Plate 1,384PP_AQ_BP,,A06,9e-2,arabinose %,0e0,,,,
Target Plate 1,384-Well,,E21,Waste Tube,Source Plate 1,384PP_AQ_BP,,A06,9e-2,arabinose %,0e0,,,,
Target Plate 1,384-Well,,E22,Waste Tube,Source Plate 1,384PP_AQ_BP,,A06,9e-2,arabinose %,0e0,,,,
Target Plate 1,384-Well,,E23,Waste Tube,Source Plate 1,384PP_AQ_BP,,A06,9e-2,arabinose %,0e0,,,,
Target Plate 1,384-Well,,E24,Waste Tube,Source Plate 1,384PP_AQ_BP,,A06,9e-2,arabinose %,0e0,,,,
Target Plate 1,384-Well,,D22,Waste Tube,Source Plate 1,384PP_AQ_BP,,A07,1.5e-1, IPTG (mM),0e0,,,,
Target Plate 1,384-Well,,D23,Waste Tube,Source Plate 1,384PP_AQ_BP,,A07,1.5e-1, IPTG (mM),0e0,,,,
Target Plate 1,384-Well,,D24,Waste Tube,Source Plate 1,384PP_AQ_BP,,A07,1.5e-1, IPTG (mM),0e0,,,,
Target Plate 1,384-Well,,E01,Waste Tube,Source Plate 1,384PP_AQ_BP,,A07,1.5e-1, IPTG (mM),0e0,,,,
Target Plate 1,384-Well,,E02,Waste Tube,Source Plate 1,384PP_AQ_BP,,A07,1.5e-1, IPTG (mM),0e0,,,,
Target Plate 1,384-Well,,E03,Waste Tube,Source Plate 1,384PP_AQ_BP,,A07,1.5e-1, IPTG (mM),0e0,,,,
Target Plate 1,384-Well,,E13,Waste Tube,Source Plate 1,384PP_AQ_BP,,A07,1.5e-1, IPTG (mM),0e0,,,,
Target Plate 1,384-Well,,E14,Waste Tube,Source Plate 1,384PP_AQ_BP,,A07,1.5e-1, IPTG (mM),0e0,,,,
Target Plate 1,384-Well,,E15,Waste Tube,Source Plate 1,384PP_AQ_BP,,A07,1.5e-1, IPTG (mM),0e0,,,,
Target Plate 1,384-Well,,E19,Waste Tube,Source Plate 1,384PP_AQ_BP,,A07,1.5e-1, IPTG (mM),0e0,,,,
Target Plate 1,384-Well,,E20,Waste Tube,Source Plate 1,384PP_AQ_BP,,A07,1.5e-1, IPTG (mM),0e0,,,,
Target Plate 1,384-Well,,E21,Waste Tube,Source Plate 1,384PP_AQ_BP,,A07,1.5e-1, IPTG (mM),0e0,,,,
Target Plate 1,384-Well,,D01,Waste Tube,Source Plate 1,384PP_AQ_BP,,A08,1.26e0,EB,0e0,,,,
Target Plate 1,384-Well,,D02,Waste Tube,Source Plate 1,384PP_AQ_BP,,A09,1.26e0,EB,0e0,,,,
Target Plate 1,384-Well,,D03,Waste Tube,Source Plate 1,384PP_AQ_BP,,A08,1.26e0,EB,0e0,,,,
Target Plate 1,384-Well,,D04,Waste Tube,Source Plate 1,384PP_AQ_BP,,A09,1.26e0,EB,0e0,,,,
Target Plate 1,384-Well,,D05,Waste Tube,Source Plate 1,384PP_AQ_BP,,A08,1.26e0,EB,0e0,,,,
Target Plate 1,384-Well,,D06,Waste Tube,Source Plate 1,384PP_AQ_BP,,A09,1.26e0,EB,0e0,,,,
Target Plate 1,384-Well,,D07,Waste Tube,Source Plate 1,384PP_AQ_BP,,A08,1.26e0,EB,0e0,,,,
Target Plate 1,384-Well,,D08,Waste Tube,Source Plate 1,384PP_AQ_BP,,A09,1.26e0,EB,0e0,,,,
Target Plate 1,384-Well,,D09,Waste Tube,Source Plate 1,384PP_AQ_BP,,A08,1.26e0,EB,0e0,,,,
Target Plate 1,384-Well,,D10,Waste Tube,Source Plate 1,384PP_AQ_BP,,A09,1.26e0,EB,0e0,,,,
Target Plate 1,384-Well,,D11,Waste Tube,Source Plate 1,384PP_AQ_BP,,A08,1.26e0,EB,0e0,,,,
Target Plate 1,384-Well,,D12,Waste Tube,Source Plate 1,384PP_AQ_BP,,A09,1.26e0,EB,0e0,,,,
Target Plate 1,384-Well,,D13,Waste Tube,Source Plate 1,384PP_AQ_BP,,A08,1.26e0,EB,0e0,,,,
Target Plate 1,384-Well,,D14,Waste Tube,Source Plate 1,384PP_AQ_BP,,A09,1.26e0,EB,0e0,,,,
Target Plate 1,384-Well,,D15,Waste Tube,Source Plate 1,384PP_AQ_BP,,A08,1.26e0,EB,0e0,,,,
Target Plate 1,384-Well,,D16,Waste Tube,Source Plate 1,384PP_AQ_BP,,A09,1.26e0,EB,0e0,,,,
Target Plate 1,384-Well,,D17,Waste Tube,Source Plate 1,384PP_AQ_BP,,A08,1.26e0,EB,0e0,,,,
Target Plate 1,384-Well,,D18,Waste Tube,Source Plate 1,384PP_AQ_BP,,A09,1.26e0,EB,0e0,,,,
Target Plate 1,384-Well,,D19,Waste Tube,Source Plate 1,384PP_AQ_BP,,A08,1.26e0,EB,0e0,,,,
Target Plate 1,384-Well,,D20,Waste Tube,Source Plate 1,384PP_AQ_BP,,A09,1.26e0,EB,0e0,,,,
Target Plate 1,384-Well,,D21,Waste Tube,Source Plate 1,384PP_AQ_BP,,A08,1.26e0,EB,0e0,,,,
Target Plate 1,384-Well,,D22,Waste Tube,Source Plate 1,384PP_AQ_BP,,A09,1.26e0,EB,0e0,,,,
Target Plate 1,384-Well,,D23,Waste Tube,Source Plate 1,384PP_AQ_BP,,A08,1.26e0,EB,0e0,,,,
Target Plate 1,384-Well,,D24,Waste Tube,Source Plate 1,384PP_AQ_BP,,A09,1.26e0,EB,0e0,,,,
Target Plate 1,384-Well,,E01,Waste Tube,Source Plate 1,384PP_AQ_BP,,A08,1.26e0,EB,0e0,,,,
Target Plate 1,384-Well,,E02,Waste Tube,Source Plate 1,384PP_AQ_BP,,A09,1.26e0,EB,0e0,,,,
Target Plate 1,384-Well,,E03,Waste Tube,Source Plate 1,384PP_AQ_BP,,A08,1.26e0,EB,0e0,,,,
Target Plate 1,384-Well,,E04,Waste Tube,Source Plate 1,384PP_AQ_BP,,A09,1.26e0,EB,0e0,,,,
Target Plate 1,384-Well,,E05,Waste Tube,Source Plate 1,384PP_AQ_BP,,A08,1.26e0,EB,0e0,,,,
Target Plate 1,384-Well,,E06,Waste Tube,Source Plate 1,384PP_AQ_BP,,A09,1.26e0,EB,0e0,,,,
Target Plate 1,384-Well,,E07,Waste Tube,Source Plate 1,384PP_AQ_BP,,A08,1.26e0,EB,0e0,,,,
Target Plate 1,384-Well,,E08,Waste Tube,Source Plate 1,384PP_AQ_BP,,A09,1.26e0,EB,0e0,,,,
Target Plate 1,384-Well,,E09,Waste Tube,Source Plate 1,384PP_AQ_BP,,A08,1.26e0,EB,0e0,,,,
Target Plate 1,384-Well,,E10,Waste Tube,Source Plate 1,384PP_AQ_BP,,A09,1.26e0,EB,0e0,,,,
Target Plate 1,384-Well,,E11,Waste Tube,Source Plate 1,384PP_AQ_BP,,A08,1.26e0,EB,0e0,,,,
Target Plate 1,384-Well,,E12,Waste Tube,Source Plate 1,384PP_AQ_BP,,A09,1.26e0,EB,0e0,,,,
Target Plate 1,384-Well,,E13,Waste Tube,Source Plate 1,384PP_AQ_BP,,A08,1.26e0,EB,0e0,,,,
Target Plate 1,384-Well,,E14,Waste Tube,Source Plate 1,384PP_AQ_BP,,A09,1.26e0,EB,0e0,,,,
Target Plate 1,384-Well,,E15,Waste Tube,Source Plate 1,384PP_AQ_BP,,A08,1.26e0,EB,0e0,,,,
Target Plate 1,384-Well,,E16,Waste Tube,Source Plate 1,384PP_AQ_BP,,A09,1.26e0,EB,0e0,,,,
Target Plate 1,384-Well,,E17,Waste Tube,Source Plate 1,384PP_AQ_BP,,A08,1.26e0,EB,0e0,,,,
Target Plate 1,384-Well,,E18,Waste Tube,Source Plate 1,384PP_AQ_BP,,A09,1.26e0,EB,0e0,,,,
Target Plate 1,384-Well,,E19,Waste Tube,Source Plate 1,384PP_AQ_BP,,A08,1.26e0,EB,0e0,,,,
Target Plate 1,384-Well,,E20,Waste Tube,Source Plate 1,384PP_AQ_BP,,A09,1.26e0,EB,0e0,,,,
Target Plate 1,384-Well,,E21,Waste Tube,Source Plate 1,384PP_AQ_BP,,A08,1.26e0,EB,0e0,,,,
Target Plate 1,384-Well,,E22,Waste Tube,Source Plate 1,384PP_AQ_BP,,A09,1.26e0,EB,0e0,,,,
Target Plate 1,384-Well,,E23,Waste Tube,Source Plate 1,384PP_AQ_BP,,A08,1.26e0,EB,0e0,,,,
Target Plate 1,384-Well,,E24,Waste Tube,Source Plate 1,384PP_AQ_BP,,A09,1.26e0,EB,0e0,,,,
Target Plate 1,384-Well,,D01,Waste Tube,Source Plate 1,384PP_AQ_BP,,A10,9.9e-1,CE,0e0,,,,
Target Plate 1,384-Well,,D02,Waste Tube,Source Plate 1,384PP_AQ_BP,,A11,9.9e-1,CE,0e0,,,,
Target Plate 1,384-Well,,D03,Waste Tube,Source Plate 1,384PP_AQ_BP,,A10,9.9e-1,CE,0e0,,,,
Target Plate 1,384-Well,,D04,Waste Tube,Source Plate 1,384PP_AQ_BP,,A11,9.9e-1,CE,0e0,,,,
Target Plate 1,384-Well,,D05,Waste Tube,Source Plate 1,384PP_AQ_BP,,A10,9.9e-1,CE,0e0,,,,
Target Plate 1,384-Well,,D06,Waste Tube,Source Plate 1,384PP_AQ_BP,,A11,9.9e-1,CE,0e0,,,,
Target Plate 1,384-Well,,D07,Waste Tube,Source Plate 1,384PP_AQ_BP,,A10,9.9e-1,CE,0e0,,,,
Target Plate 1,384-Well,,D08,Waste Tube,Source Plate 1,384PP_AQ_BP,,A11,9.9e-1,CE,0e0,,,,
Target Plate 1,384-Well,,D09,Waste Tube,Source Plate 1,384PP_AQ_BP,,A10,9.9e-1,CE,0e0,,,,
Target Plate 1,384-Well,,D10,Waste Tube,Source Plate 1,384PP_AQ_BP,,A11,9.9e-1,CE,0e0,,,,
Target Plate 1,384-Well,,D11,Waste Tube,Source Plate 1,384PP_AQ_BP,,A10,9.9e-1,CE,0e0,,,,
Target Plate 1,384-Well,,D12,Waste Tube,Source Plate 1,384PP_AQ_BP,,A11,9.9e-1,CE,0e0,,,,
Target Plate 1,384-Well,,D13,Waste Tube,Source Plate 1,384PP_AQ_BP,,A10,9.9e-1,CE,0e0,,,,
Target Plate 1,384-Well,,D14,Waste Tube,Source Plate 1,384PP_AQ_BP,,A11,9.9e-1,CE,0e0,,,,
Target Plate 1,384-Well,,D15,Waste Tube,Source Plate 1,384PP_AQ_BP,,A10,9.9e-1,CE,0e0,,,,
Target Plate 1,384-Well,,D16,Waste Tube,Source Plate 1,384PP_AQ_BP,,A11,9.9e-1,CE,0e0,,,,
Target Plate 1,384-Well,,D17,Waste Tube,Source Plate 1,384PP_AQ_BP,,A10,9.9e-1,CE,0e0,,,,
Target Plate 1,384-Well,,D18,Waste Tube,Source Plate 1,384PP_AQ_BP,,A11,9.9e-1,CE,0e0,,,,
Target Plate 1,384-Well,,D19,Waste Tube,Source Plate 1,384PP_AQ_BP,,A10,9.9e-1,CE,0e0,,,,
Target Plate 1,384-Well,,D20,Waste Tube,Source Plate 1,384PP_AQ_BP,,A11,9.9e-1,CE,0e0,,,,
Target Plate 1,384-Well,,D21,Waste Tube,Source Plate 1,384PP_AQ_BP,,A10,9.9e-1,CE,0e0,,,,
Target Plate 1,384-Well,,D22,Waste Tube,Source Plate 1,384PP_AQ_BP,,A11,9.9e-1,CE,0e0,,,,
Target Plate 1,384-Well,,D23,Waste Tube,Source Plate 1,384PP_AQ_BP,,A10,9.9e-1,CE,0e0,,,,
Target Plate 1,384-Well,,D24,Waste Tube,Source Plate 1,384PP_AQ_BP,,A11,9.9e-1,CE,0e0,,,,
Target Plate 1,384-Well,,E01,Waste Tube,Source Plate 1,384PP_AQ_BP,,A10,9.9e-1,CE,0e0,,,,
Target Plate 1,384-Well,,E02,Waste Tube,Source Plate 1,384PP_AQ_BP,,A11,9.9e-1,CE,0e0,,,,
Target Plate 1,384-Well,,E03,Waste Tube,Source Plate 1,384PP_AQ_BP,,A10,9.9e-1,CE,0e0,,,,
Target Plate 1,384-Well,,E04,Waste Tube,Source Plate 1,384PP_AQ_BP,,A11,9.9e-1,CE,0e0,,,,
Target Plate 1,384-Well,,E05,Waste Tube,Source Plate 1,384PP_AQ_BP,,A10,9.9e-1,CE,0e0,,,,
Target Plate 1,384-Well,,E06,Waste Tube,Source Plate 1,384PP_AQ_BP,,A11,9.9e-1,CE,0e0,,,,
Target Plate 1,384-Well,,E07,Waste Tube,Source Plate 1,384PP_AQ_BP,,A10,9.9e-1,CE,0e0,,,,
Target Plate 1,384-Well,,E08,Waste Tube,Source Plate 1,384PP_AQ_BP,,A11,9.9e-1,CE,0e0,,,,
Target Plate 1,384-Well,,E09,Waste Tube,Source Plate 1,384PP_AQ_BP,,A10,9.9e-1,CE,0e0,,,,
Target Plate 1,384-Well,,E10,Waste Tube,Source Plate 1,384PP_AQ_BP,,A11,9.9e-1,CE,0e0,,,,
Target Plate 1,384-Well,,E11,Waste Tube,Source Plate 1,384PP_AQ_BP,,A10,9.9e-1,CE,0e0,,,,
Target Plate 1,384-Well,,E12,Waste Tube,Source Plate 1,384PP_AQ_BP,,A11,9.9e-1,CE,0e0,,,,
Target Plate 1,384-Well,,E13,Waste Tube,Source Plate 1,384PP_AQ_BP,,A10,9.9e-1,CE,0e0,,,,
Target Plate 1,384-Well,,E14,Waste Tube,Source Plate 1,384PP_AQ_BP,,A11,9.9e-1,CE,0e0,,,,
Target Plate 1,384-Well,,E15,Waste Tube,Source Plate 1,384PP_AQ_BP,,A10,9.9e-1,CE,0e0,,,,
Target Plate 1,384-Well,,E16,Waste Tube,Source Plate 1,384PP_AQ_BP,,A11,9.9e-1,CE,0e0,,,,
Target Plate 1,384-Well,,E17,Waste Tube,Source Plate 1,384PP_AQ_BP,,A10,9.9e-1,CE,0e0,,,,
Target Plate 1,384-Well,,E18,Waste Tube,Source Plate 1,384PP_AQ_BP,,A11,9.9e-1,CE,0e0,,,,
Target Plate 1,384-Well,,E19,Waste Tube,Source Plate 1,384PP_AQ_BP,,A10,9.9e-1,CE,0e0,,,,
Target Plate 1,384-Well,,E20,Waste Tube,Source Plate 1,384PP_AQ_BP,,A11,9.9e-1,CE,0e0,,,,
Target Plate 1,384-Well,,E21,Waste Tube,Source Plate 1,384PP_AQ_BP,,A10,9.9e-1,CE,0e0,,,,
Target Plate 1,384-Well,,E22,Waste Tube,Source Plate 1,384PP_AQ_BP,,A11,9.9e-1,CE,0e0,,,,
Target Plate 1,384-Well,,E23,Waste Tube,Source Plate 1,384PP_AQ_BP,,A10,9.9e-1,CE,0e0,,,,
Target Plate 1,384-Well,,E24,Waste Tube,Source Plate 1,384PP_AQ_BP,,A11,9.9e-1,CE,0e0,,,,
Target Plate 1,384-Well,,D04,Waste Tube,Source Plate 1,384PP_AQ_BP,,A12,3e0,1^p (nM),0e0,,,,
Target Plate 1,384-Well,,D05,Waste Tube,Source Plate 1,384PP_AQ_BP,,A12,3e0,1^p (nM),0e0,,,,
Target Plate 1,384-Well,,D06,Waste Tube,Source Plate 1,384PP_AQ_BP,,A12,3e0,1^p (nM),0e0,,,,
Target Plate 1,384-Well,,D10,Waste Tube,Source Plate 1,384PP_AQ_BP,,A13,3e0,5^p (nM),0e0,,,,
Target Plate 1,384-Well,,D11,Waste Tube,Source Plate 1,384PP_AQ_BP,,A14,3e0,5^p (nM),0e0,,,,
Target Plate 1,384-Well,,D12,Waste Tube,Source Plate 1,384PP_AQ_BP,,A13,3e0,5^p (nM),0e0,,,,
Target Plate 1,384-Well,,D16,Waste Tube,Source Plate 1,384PP_AQ_BP,,A14,3e0,5^p (nM),0e0,,,,
Target Plate 1,384-Well,,D17,Waste Tube,Source Plate 1,384PP_AQ_BP,,A13,3e0,5^p (nM),0e0,,,,
Target Plate 1,384-Well,,D18,Waste Tube,Source Plate 1,384PP_AQ_BP,,A14,3e0,5^p (nM),0e0,,,,
Target Plate 1,384-Well,,D22,Waste Tube,Source Plate 1,384PP_AQ_BP,,A13,3e0,5^p (nM),0e0,,,,
Target Plate 1,384-Well,,D23,Waste Tube,Source Plate 1,384PP_AQ_BP,,A14,3e0,5^p (nM),0e0,,,,
Target Plate 1,384-Well,,D24,Waste Tube,Source Plate 1,384PP_AQ_BP,,A13,3e0,5^p (nM),0e0,,,,
Target Plate 1,384-Well,,E01,Waste Tube,Source Plate 1,384PP_AQ_BP,,A14,3e0,5^p (nM),0e0,,,,
Target Plate 1,384-Well,,E02,Waste Tube,Source Plate 1,384PP_AQ_BP,,A13,3e0,5^p (nM),0e0,,,,
Target Plate 1,384-Well,,E03,Waste Tube,Source Plate 1,384PP_AQ_BP,,A14,3e0,5^p (nM),0e0,,,,
Target Plate 1,384-Well,,E04,Waste Tube,Source Plate 1,384PP_AQ_BP,,A13,3e0,5^p (nM),0e0,,,,
Target Plate 1,384-Well,,E05,Waste Tube,Source Plate 1,384PP_AQ_BP,,A14,3e0,5^p (nM),0e0,,,,
Target Plate 1,384-Well,,E06,Waste Tube,Source Plate 1,384PP_AQ_BP,,A13,3e0,5^p (nM),0e0,,,,
Target Plate 1,384-Well,,E07,Waste Tube,Source Plate 1,384PP_AQ_BP,,A14,3e0,5^p (nM),0e0,,,,
Target Plate 1,384-Well,,E08,Waste Tube,Source Plate 1,384PP_AQ_BP,,A13,3e0,5^p (nM),0e0,,,,
Target Plate 1,384-Well,,E09,Waste Tube,Source Plate 1,384PP_AQ_BP,,A14,3e0,5^p (nM),0e0,,,,
Target Plate 1,384-Well,,D10,Waste Tube,Source Plate 1,384PP_AQ_BP,,A15,3e0,6^p (nM),0e0,,,,
Target Plate 1,384-Well,,D11,Waste Tube,Source Plate 1,384PP_AQ_BP,,A16,3e0,6^p (nM),0e0,,,,
Target Plate 1,384-Well,,D12,Waste Tube,Source Plate 1,384PP_AQ_BP,,A17,3e0,6^p (nM),0e0,,,,
Target Plate 1,384-Well,,D13,Waste Tube,Source Plate 1,384PP_AQ_BP,,A15,3e0,6^p (nM),0e0,,,,
Target Plate 1,384-Well,,D14,Waste Tube,Source Plate 1,384PP_AQ_BP,,A16,3e0,6^p (nM),0e0,,,,
Target Plate 1,384-Well,,D15,Waste Tube,Source Plate 1,384PP_AQ_BP,,A17,3e0,6^p (nM),0e0,,,,
Target Plate 1,384-Well,,D22,Waste Tube,Source Plate 1,384PP_AQ_BP,,A15,3e0,6^p (nM),0e0,,,,
Target Plate 1,384-Well,,D23,Waste Tube,Source Plate 1,384PP_AQ_BP,,A16,3e0,6^p (nM),0e0,,,,
Target Plate 1,384-Well,,D24,Waste Tube,Source Plate 1,384PP_AQ_BP,,A17,3e0,6^p (nM),0e0,,,,
Target Plate 1,384-Well,,E04,Waste Tube,Source Plate 1,384PP_AQ_BP,,A15,3e0,6^p (nM),0e0,,,,
Target Plate 1,384-Well,,E05,Waste Tube,Source Plate 1,384PP_AQ_BP,,A16,3e0,6^p (nM),0e0,,,,
Target Plate 1,384-Well,,E06,Waste Tube,Source Plate 1,384PP_AQ_BP,,A17,3e0,6^p (nM),0e0,,,,
Target Plate 1,384-Well,,E07,Waste Tube,Source Plate 1,384PP_AQ_BP,,A15,3e0,6^p (nM),0e0,,,,
Target Plate 1,384-Well,,E08,Waste Tube,Source Plate 1,384PP_AQ_BP,,A16,3e0,6^p (nM),0e0,,,,
Target Plate 1,384-Well,,E09,Waste Tube,Source Plate 1,384PP_AQ_BP,,A17,3e0,6^p (nM),0e0,,,,
Target Plate 1,384-Well,,E10,Waste Tube,Source Plate 1,384PP_AQ_BP,,A15,3e0,6^p (nM),0e0,,,,
Target Plate 1,384-Well,,E11,Waste Tube,Source Plate 1,384PP_AQ_BP,,A16,3e0,6^p (nM),0e0,,,,
Target Plate 1,384-Well,,E12,Waste Tube,Source Plate 1,384PP_AQ_BP,,A17,3e0,6^p (nM),0e0,,,,
Target Plate 1,384-Well,,E13,Waste Tube,Source Plate 1,384PP_AQ_BP,,A15,3e0,6^p (nM),0e0,,,,
Target Plate 1,384-Well,,E14,Waste Tube,Source Plate 1,384PP_AQ_BP,,A16,3e0,6^p (nM),0e0,,,,
Target Plate 1,384-Well,,E15,Waste Tube,Source Plate 1,384PP_AQ_BP,,A17,3e0,6^p (nM),0e0,,,,
Target Plate 1,384-Well,,E16,Waste Tube,Source Plate 1,384PP_AQ_BP,,A15,3e0,6^p (nM),0e0,,,,
Target Plate 1,384-Well,,E17,Waste Tube,Source Plate 1,384PP_AQ_BP,,A16,3e0,6^p (nM),0e0,,,,
Target Plate 1,384-Well,,E18,Waste Tube,Source Plate 1,384PP_AQ_BP,,A17,3e0,6^p (nM),0e0,,,,
Target Plate 1,384-Well,,E19,Waste Tube,Source Plate 1,384PP_AQ_BP,,A15,3e0,6^p (nM),0e0,,,,
Target Plate 1,384-Well,,E20,Waste Tube,Source Plate 1,384PP_AQ_BP,,A16,3e0,6^p (nM),0e0,,,,
Target Plate 1,384-Well,,E21,Waste Tube,Source Plate 1,384PP_AQ_BP,,A17,3e0,6^p (nM),0e0,,,,
Target Plate 1,384-Well,,E22,Waste Tube,Source Plate 1,384PP_AQ_BP,,A15,3e0,6^p (nM),0e0,,,,
Target Plate 1,384-Well,,E23,Waste Tube,Source Plate 1,384PP_AQ_BP,,A16,3e0,6^p (nM),0e0,,,,
Target Plate 1,384-Well,,E24,Waste Tube,Source Plate 1,384PP_AQ_BP,,A17,3e0,6^p (nM),0e0,,,,
Target Plate 1,384-Well,,D22,Waste Tube,Source Plate 1,384PP_AQ_BP,,A18,6e-1,169^p (nM),0e0,,,,
Target Plate 1,384-Well,,D23,Waste Tube,Source Plate 1,384PP_AQ_BP,,A18,6e-1,169^p (nM),0e0,,,,
Target Plate 1,384-Well,,D24,Waste Tube,Source Plate 1,384PP_AQ_BP,,A18,6e-1,169^p (nM),0e0,,,,
Target Plate 1,384-Well,,E01,Waste Tube,Source Plate 1,384PP_AQ_BP,,A18,6e-1,169^p (nM),0e0,,,,
Target Plate 1,384-Well,,E02,Waste Tube,Source Plate 1,384PP_AQ_BP,,A18,6e-1,169^p (nM),0e0,,,,
Target Plate 1,384-Well,,E03,Waste Tube,Source Plate 1,384PP_AQ_BP,,A18,6e-1,169^p (nM),0e0,,,,
Target Plate 1,384-Well,,E04,Waste Tube,Source Plate 1,384PP_AQ_BP,,A18,6e-1,169^p (nM),0e0,,,,
Target Plate 1,384-Well,,E05,Waste Tube,Source Plate 1,384PP_AQ_BP,,A18,6e-1,169^p (nM),0e0,,,,
Target Plate 1,384-Well,,E06,Waste Tube,Source Plate 1,384PP_AQ_BP,,A18,6e-1,169^p (nM),0e0,,,,
Target Plate 1,384-Well,,E07,Waste Tube,Source Plate 1,384PP_AQ_BP,,A18,6e-1,169^p (nM),0e0,,,,
Target Plate 1,384-Well,,E08,Waste Tube,Source Plate 1,384PP_AQ_BP,,A18,6e-1,169^p (nM),0e0,,,,
Target Plate 1,384-Well,,E09,Waste Tube,Source Plate 1,384PP_AQ_BP,,A18,6e-1,169^p (nM),0e0,,,,
Target Plate 1,384-Well,,E16,Waste Tube,Source Plate 1,384PP_AQ_BP,,A18,6e-1,169^p (nM),0e0,,,,
Target Plate 1,384-Well,,E17,Waste Tube,Source Plate 1,384PP_AQ_BP,,A18,6e-1,169^p (nM),0e0,,,,
Target Plate 1,384-Well,,E18,Waste Tube,Source Plate 1,384PP_AQ_BP,,A18,6e-1,169^p (nM),0e0,,,,
Target Plate 1,384-Well,,E19,Waste Tube,Source Plate 1,384PP_AQ_BP,,A18,6e-1,169^p (nM),0e0,,,,
Target Plate 1,384-Well,,E20,Waste Tube,Source Plate 1,384PP_AQ_BP,,A18,6e-1,169^p (nM),0e0,,,,
Target Plate 1,384-Well,,E21,Waste Tube,Source Plate 1,384PP_AQ_BP,,A18,6e-1,169^p (nM),0e0,,,,
Target Plate 1,384-Well,,D01,Waste Tube,Source Plate 1,384PP_AQ_BP,,A19,3e0,deGFP^p (nM),0e0,,,,
Target Plate 1,384-Well,,D02,Waste Tube,Source Plate 1,384PP_AQ_BP,,A19,3e0,deGFP^p (nM),0e0,,,,
Target Plate 1,384-Well,,D03,Waste Tube,Source Plate 1,384PP_AQ_BP,,A19,3e0,deGFP^p (nM),0e0,,,,
Target Plate 1,384-Well,,D07,Waste Tube,Source Plate 1,384PP_AQ_BP,,A20,3e0, 1^f (nM),0e0,,,,
Target Plate 1,384-Well,,D08,Waste Tube,Source Plate 1,384PP_AQ_BP,,A20,3e0, 1^f (nM),0e0,,,,
Target Plate 1,384-Well,,D09,Waste Tube,Source Plate 1,384PP_AQ_BP,,A20,3e0, 1^f (nM),0e0,,,,
Target Plate 1,384-Well,,E10,Waste Tube,Source Plate 1,384PP_AQ_BP,,A21,3e0, 3^f (nM),0e0,,,,
Target Plate 1,384-Well,,E11,Waste Tube,Source Plate 1,384PP_AQ_BP,,A21,3e0, 3^f (nM),0e0,,,,
Target Plate 1,384-Well,,E12,Waste Tube,Source Plate 1,384PP_AQ_BP,,A21,3e0, 3^f (nM),0e0,,,,
Target Plate 1,384-Well,,E13,Waste Tube,Source Plate 1,384PP_AQ_BP,,A21,3e0, 3^f (nM),0e0,,,,
Target Plate 1,384-Well,,E14,Waste Tube,Source Plate 1,384PP_AQ_BP,,A21,3e0, 3^f (nM),0e0,,,,
Target Plate 1,384-Well,,E15,Waste Tube,Source Plate 1,384PP_AQ_BP,,A21,3e0, 3^f (nM),0e0,,,,
Target Plate 1,384-Well,,E16,Waste Tube,Source Plate 1,384PP_AQ_BP,,A21,3e0, 3^f (nM),0e0,,,,
Target Plate 1,384-Well,,E17,Waste Tube,Source Plate 1,384PP_AQ_BP,,A21,3e0, 3^f (nM),0e0,,,,
Target Plate 1,384-Well,,E18,Waste Tube,Source Plate 1,384PP_AQ_BP,,A21,3e0, 3^f (nM),0e0,,,,
Target Plate 1,384-Well,,E19,Waste Tube,Source Plate 1,384PP_AQ_BP,,A21,3e0, 3^f (nM),0e0,,,,
Target Plate 1,384-Well,,E20,Waste Tube,Source Plate 1,384PP_AQ_BP,,A21,3e0, 3^f (nM),0e0,,,,
Target Plate 1,384-Well,,E21,Waste Tube,Source Plate 1,384PP_AQ_BP,,A21,3e0, 3^f (nM),0e0,,,,
Target Plate 1,384-Well,,E22,Waste Tube,Source Plate 1,384PP_AQ_BP,,A22,3e0, 4^f (nM),0e0,,,,
Target Plate 1,384-Well,,E23,Waste Tube,Source Plate 1,384PP_AQ_BP,,A22,3e0, 4^f (nM),0e0,,,,
Target Plate 1,384-Well,,E24,Waste Tube,Source Plate 1,384PP_AQ_BP,,A22,3e0, 4^f (nM),0e0,,,,
Target Plate 1,384-Well,,D13,Waste Tube,Source Plate 1,384PP_AQ_BP,,A23,3e0, 5^f(nM),0e0,,,,
Target Plate 1,384-Well,,D14,Waste Tube,Source Plate 1,384PP_AQ_BP,,A23,3e0, 5^f(nM),0e0,,,,
Target Plate 1,384-Well,,D15,Waste Tube,Source Plate 1,384PP_AQ_BP,,A23,3e0, 5^f(nM),0e0,,,,
Target Plate 1,384-Well,,D19,Waste Tube,Source Plate 1,384PP_AQ_BP,,A23,3e0, 5^f(nM),0e0,,,,
Target Plate 1,384-Well,,D20,Waste Tube,Source Plate 1,384PP_AQ_BP,,A23,3e0, 5^f(nM),0e0,,,,
Target Plate 1,384-Well,,D21,Waste Tube,Source Plate 1,384PP_AQ_BP,,A23,3e0, 5^f(nM),0e0,,,,
Target Plate 1,384-Well,,D16,Waste Tube,Source Plate 1,384PP_AQ_BP,,A24,3e0, 6^f(nM),0e0,,,,
Target Plate 1,384-Well,,D17,Waste Tube,Source Plate 1,384PP_AQ_BP,,A24,3e0, 6^f(nM),0e0,,,,
Target Plate 1,384-Well,,D18,Waste Tube,Source Plate 1,384PP_AQ_BP,,A24,3e0, 6^f(nM),0e0,,,,
Target Plate 1,384-Well,,D19,Waste Tube,Source Plate 1,384PP_AQ_BP,,A24,3e0, 6^f(nM),0e0,,,,
Target Plate 1,384-Well,,D20,Waste Tube,Source Plate 1,384PP_AQ_BP,,A24,3e0, 6^f(nM),0e0,,,,
Target Plate 1,384-Well,,D21,Waste Tube,Source Plate 1,384PP_AQ_BP,,A24,3e0, 6^f(nM),0e0,,,,
Target Plate 1,384-Well,,E01,Waste Tube,Source Plate 1,384PP_AQ_BP,,A24,3e0, 6^f(nM),0e0,,,,
Target Plate 1,384-Well,,E02,Waste Tube,Source Plate 1,384PP_AQ_BP,,A24,3e0, 6^f(nM),0e0,,,,
Target Plate 1,384-Well,,E03,Waste Tube,Source Plate 1,384PP_AQ_BP,,A24,3e0, 6^f(nM),0e0,,,,
